observer,date,site,start_time,end_time,time_of_capture,body_temperature_c,microhabitat_type,microhabitat_temperature_c,species_capture,life_stage,sex,bd_swab_tube_id,dry_swab_tube_id,crispr_swab_tube_id,bacterial_swab_tube_id,mucusome_id,amp_id_1,amp_id_2,amp_id_3,amp_id_4,antibody_id_1,antibody_id_2,antibody_id_3,antibody_id_4,toe_clip_tube_id,capture_comments,survey_time,detection_type,temp_cap_id
emily jolly,2022-05-19T00:00:00Z,admin pond,19:31:00,22:59:00,21:03:00,19.2,water,18.8,Rana catesbeiana,NA,NA,2022-05-19 admin raca#24,NA,NA,NA,NA,NA,NA,NA,NA,NA,NA,NA,NA,NA,NA,night,capture,1
brandon hoenig,2022-05-19T00:00:00Z,admin pond,20:59:00,22:59:00,21:08:00,18.2,emergent vegetation (lower than 1m),18.4,Pseudacris crucifer,adult,male,2022-05-19-admin-pscr6,NA,NA,2022-05-19-admin-pscr6,2022-05-19-admin-pscr6,NA,NA,NA,NA,NA,NA,NA,NA,NA,NA,night,capture,2
emily jolly,2022-05-19T00:00:00Z,admin pond,19:31:00,22:59:00,21:09:00,18.3,tree/log/bush (lower than 1m),17.5,Rana pipiens,NA,NA,2022-05-19 admin rapi#27,NA,NA,NA,NA,NA,NA,NA,NA,NA,NA,NA,NA,NA,NA,night,capture,3
brandon hoenig,2022-05-19T00:00:00Z,admin pond,20:59:00,22:59:00,21:11:00,18.2,emergent vegetation (lower than 1m),18.2,Pseudacris crucifer,adult,male,2022-05-19-admin-pscr5,NA,NA,2022-05-19-admin-pscr5,2022-05-19-admin-pscr5,NA,NA,NA,NA,NA,NA,NA,NA,NA,NA,night,capture,4
emily jolly,2022-05-19T00:00:00Z,admin pond,19:31:00,22:59:00,21:12:00,18,water,17.9,Rana catesbeiana,NA,NA,2022-05-19 admin raca#19,NA,NA,NA,NA,NA,NA,NA,NA,NA,NA,NA,NA,NA,NA,night,capture,5
emily jolly,2022-05-19T00:00:00Z,admin pond,19:31:00,22:59:00,21:17:00,18.2,water,18.2,Rana catesbeiana,juvenile,unknown,2022-05-18-admin-raca10,NA,NA,2022-05-18-admin-raca10,NA,NA,NA,NA,NA,NA,NA,NA,NA,NA,NA,night,capture,6
brandon hoenig,2022-05-19T00:00:00Z,admin pond,20:59:00,22:59:00,21:18:00,18.2,tree/log/bush (lower than 1m),18.2,Pseudacris crucifer,adult,male,2022-05-19-admin-pscr4,NA,NA,2022-05-19-admin-pscr4,2022-05-19-admin-pscr4,NA,NA,NA,NA,NA,NA,NA,NA,NA,NA,night,capture,7
emily jolly,2022-05-19T00:00:00Z,admin pond,19:31:00,22:59:00,21:21:00,18.2,water,18.3,Rana catesbeiana,juvenile,unknown,2022-05-19 admin raca#15,NA,NA,2022-05-19 admin raca#15,NA,NA,NA,NA,NA,NA,NA,NA,NA,NA,NA,night,capture,8
emily jolly,2022-05-19T00:00:00Z,admin pond,19:31:00,22:59:00,21:25:00,18.1,water,18,Rana pipiens,NA,NA,2022-05-19 admin rapi#29,NA,NA,NA,NA,NA,NA,NA,NA,NA,NA,NA,NA,NA,NA,night,capture,9
emily jolly,2022-05-19T00:00:00Z,admin pond,19:31:00,22:59:00,21:28:00,18.3,water,18.3,Rana catesbeiana,NA,NA,2022-05-19 admin raca#26,NA,NA,NA,NA,NA,NA,NA,NA,NA,NA,NA,NA,NA,NA,night,capture,10
emily jolly,2022-05-19T00:00:00Z,admin pond,19:31:00,22:59:00,21:32:00,17.8,water,18,Rana pipiens,adult,female,2022-08-15-admin-rapi3,NA,NA,2022-08-15-admin-rapi3,2022-08-15-admin-rapi3,NA,NA,NA,NA,NA,NA,NA,NA,NA,NA,night,capture,11
brandon hoenig,2022-05-19T00:00:00Z,admin pond,20:59:00,22:59:00,21:34:00,19.4,water,19.7,Rana catesbeiana,NA,NA,2022-05-19 admin raca#22,NA,NA,NA,NA,NA,NA,NA,NA,NA,NA,NA,NA,NA,NA,night,capture,12
emily jolly,2022-05-19T00:00:00Z,admin pond,19:31:00,22:59:00,21:37:00,17.6,water,17.8,Rana pipiens,adult,female,2022-05-19-admin-rapi1,NA,NA,2022-05-19-admin-rapi1,2022-05-19-admin-rapi1,NA,NA,NA,NA,NA,NA,NA,NA,NA,NA,night,capture,13
brandon hoenig,2022-05-19T00:00:00Z,admin pond,20:59:00,22:59:00,21:43:00,20.1,water,20.4,Rana catesbeiana,adult,female,2022-05-19-admin-raca8,NA,NA,2022-05-19-admin-raca8,NA,NA,NA,NA,NA,NA,NA,NA,NA,NA,NA,night,capture,14
emily jolly,2022-05-19T00:00:00Z,admin pond,19:31:00,22:59:00,21:45:00,17.7,water,17.8,Rana catesbeiana,NA,NA,NA,NA,NA,2022-05-19 admin raca#23,NA,NA,NA,NA,NA,NA,NA,NA,NA,NA,NA,night,capture,15
brandon hoenig,2022-05-19T00:00:00Z,admin pond,20:59:00,22:59:00,21:47:00,18.6,wet ground,18.8,Rana pipiens,adult,female,2022-08-19-admin-rapi2,NA,NA,2022-08-19-admin-rapi2,2022-08-19-admin-rapi2,NA,NA,NA,NA,NA,NA,NA,NA,NA,NA,night,capture,16
emily jolly,2022-05-19T00:00:00Z,admin pond,19:31:00,22:59:00,21:48:00,17.9,water,18.1,Rana catesbeiana,NA,NA,2022-05-19 admin raca#25,NA,NA,NA,NA,NA,NA,NA,NA,NA,NA,NA,NA,NA,NA,night,capture,17
emily jolly,2022-05-19T00:00:00Z,admin pond,19:31:00,22:59:00,21:52:00,18.2,water,18.3,Rana catesbeiana,juvenile,unknown,2022-05-19 admin raca#17,NA,NA,2022-05-19 admin raca#17,NA,NA,NA,NA,NA,NA,NA,NA,NA,NA,NA,night,capture,18
emily jolly,2022-05-19T00:00:00Z,admin pond,19:31:00,22:59:00,21:55:00,18.2,water,18.3,Rana catesbeiana,NA,NA,2022-05-19 admin raca#21,NA,NA,NA,NA,NA,NA,NA,NA,NA,NA,NA,NA,NA,NA,night,capture,19
emily jolly,2022-05-19T00:00:00Z,admin pond,19:31:00,22:59:00,22:03:00,18.4,water,18.5,Rana catesbeiana,NA,NA,2022-05-19 admin racA#20,NA,NA,NA,NA,NA,NA,NA,NA,NA,NA,NA,NA,NA,NA,night,capture,20
brandon hoenig,2022-05-19T00:00:00Z,admin pond,20:59:00,22:59:00,22:20:00,19.4,water,19.6,Rana catesbeiana,juvenile,unknown,2022-05-19-admin-raca9,NA,NA,2022-05-19-admin-raca9,NA,NA,NA,NA,NA,NA,NA,NA,NA,NA,NA,night,capture,21
emily jolly,2022-05-19T00:00:00Z,admin pond,19:31:00,22:59:00,22:21:00,17.9,emergent vegetation (higher than 1m),18.2,Rana pipiens,NA,NA,2022-05-19 admin rapi#28,NA,NA,NA,NA,NA,NA,NA,NA,NA,NA,NA,NA,NA,NA,night,capture,22
emily jolly,2022-05-19T00:00:00Z,admin pond,19:31:00,22:59:00,22:24:00,18.2,water,18.3,Rana catesbeiana,NA,NA,2022-05-19 admin raca#18,NA,NA,NA,NA,NA,NA,NA,NA,NA,NA,NA,NA,NA,NA,night,capture,23
emily jolly,2022-05-19T00:00:00Z,admin pond,19:31:00,22:59:00,22:31:00,18.1,water,18.5,Rana catesbeiana,adult,female,2022-05-19 admin raca#11,NA,NA,2022-05-19 admin raca#11,NA,NA,NA,NA,NA,NA,NA,NA,NA,NA,NA,night,capture,24
emily jolly,2022-05-19T00:00:00Z,admin pond,19:31:00,22:59:00,22:34:00,18.1,water,18.4,Rana catesbeiana,juvenile,unknown,2022-05-19 admin raca#12,NA,NA,2022-05-19 admin raca#12,NA,NA,NA,NA,NA,NA,NA,NA,NA,NA,NA,night,capture,25
emily jolly,2022-05-19T00:00:00Z,admin pond,19:31:00,22:59:00,22:37:00,18,water,18.1,Rana catesbeiana,juvenile,unknown,2022-05-19 admin raca #16,NA,NA,2022-05-19 admin raca #16,NA,NA,NA,NA,NA,NA,NA,NA,NA,NA,NA,night,capture,26
brandon hoenig,2022-05-19T00:00:00Z,admin pond,20:59:00,22:59:00,22:40:00,19.4,water,19.7,Rana catesbeiana,juvenile,unknown,2022-05-19 admin #13,NA,NA,2022-05-19 admin #13,NA,NA,NA,NA,NA,NA,NA,NA,NA,NA,NA,night,capture,27
emily jolly,2022-05-19T00:00:00Z,admin pond,19:31:00,22:59:00,22:41:00,17.7,emergent vegetation (lower than 1m),17.7,Rana catesbeiana,juvenile,unknown,2022-05-18-admin-raca7,NA,NA,2022-05-18-admin-raca7,NA,NA,NA,NA,NA,NA,NA,NA,NA,NA,NA,night,capture,28
brandon hoenig,2022-05-19T00:00:00Z,admin pond,20:59:00,22:59:00,22:57:00,18.4,water,18.6,Rana catesbeiana,juvenile,unknown,NA,NA,NA,NA,NA,NA,NA,NA,NA,NA,NA,NA,NA,NA,NA,night,capture,29
brandon hoenig,2022-05-20T00:00:00Z,admin pond,13:29:00,14:37:00,13:30:00,NA,dry ground,21.7,Bufo americanus,NA,unknown,2022-05-20 admin buam#6,NA,NA,2022-05-20 admin buam#6,NA,NA,NA,NA,NA,NA,NA,NA,NA,NA,NA,day,capture,30
emily jolly,2022-05-20T00:00:00Z,admin pond,13:28:00,14:37:00,13:36:00,NA,leaf litter,19.8,Bufo americanus,NA,unknown,2022-05-20 admin Buam#3,NA,NA,2022-05-20 admin Buam#3,NA,NA,NA,NA,NA,NA,NA,NA,NA,NA,NA,day,capture,31
emily jolly,2022-05-20T00:00:00Z,admin pond,13:28:00,14:37:00,13:41:00,NA,leaf litter,20,Pseudacris crucifer,adult,unknown,2022-05-20-admin-pscr1,NA,NA,2022-05-20-admin-pscr1,2022-05-20-admin-pscr1,NA,NA,NA,NA,NA,NA,NA,NA,NA,NA,day,capture,32
emily jolly,2022-05-20T00:00:00Z,admin pond,13:28:00,14:37:00,13:53:00,NA,leaf litter,18.9,Bufo americanus,adult,unknown,2022-05-20 admin buam#2,NA,NA,2022-05-20 admin buam#2,NA,NA,NA,NA,NA,NA,NA,NA,NA,NA,NA,day,capture,33
brandon hoenig,2022-05-20T00:00:00Z,admin pond,13:29:00,14:37:00,14:15:00,23.4,dry ground,24,Bufo americanus,NA,unknown,2022-05-20 admin buam#5,NA,NA,2022-05-20 admin buam#5,NA,NA,NA,NA,NA,NA,NA,NA,NA,NA,NA,day,capture,34
brandon hoenig,2022-05-20T00:00:00Z,admin pond,13:29:00,14:37:00,14:18:00,22.4,dry ground,23,Bufo americanus,NA,unknown,2022-05-20 admin buam#4,NA,NA,2022-05-20 admin buam#4,NA,NA,NA,NA,NA,NA,NA,NA,NA,NA,NA,day,capture,35
emily jolly,2022-06-07T00:00:00Z,rv pond,21:22:00,23:22:00,21:53:00,NA,water,18.7,Rana catesbeiana,adult,female,BdSwab000067,NA,NA,BacSwab00067,MucBath00015,AMPBath00016,AMPBath00017,AMPBath00000,AMPBath00000,AntiBod00016,AntiBod00017,NA,NA,ToeClip00014,NA,night,capture,36
myah madril,2022-06-07T00:00:00Z,rv pond,21:22:00,02:12:00,22:14:00,13.9,tree/log/bush (lower than 1m),14.7,Hyla versicolor,NA,NA,BdSwab000072,NA,NA,BacSwab00072,MucBath00020,AMPBath00024,AMPBath00000,NA,NA,AntiBod00024,AntiBod00000,NA,NA,ToeClip00000,NA,night,capture,37
myah madril,2022-06-07T00:00:00Z,rv pond,21:22:00,02:12:00,22:19:00,12.9,tree/log/bush (higher than 1m),13.2,Hyla versicolor,NA,NA,BdSwab000070,NA,NA,BacSwab00070,MucBath00018,AMPBath00022,NA,NA,NA,AntiBod00022,NA,NA,NA,NA,NA,night,capture,38
brandon hoenig,2022-06-07T00:00:00Z,rv pond,21:25:00,23:07:00,22:35:00,16.9,emergent vegetation (lower than 1m),18.6,Rana catesbeiana,NA,NA,BdSwab000068,NA,NA,BacSwab00068,MucBath00016,AMPBath00018,AMPBath00019,NA,NA,AntiBod00018,AntiBod00019,NA,NA,ToeClip00015,NA,night,capture,39
brandon hoenig,2022-06-07T00:00:00Z,rv pond,21:25:00,23:07:00,22:49:00,17.3,emergent vegetation (lower than 1m),NA,Rana catesbeiana,NA,NA,BdSwab000069,NA,NA,BacSwab00069,MucBath00017,AMPBath00020,AMPBath00021,NA,NA,AntiBod00020,AntiBod00021,NA,NA,NA,NA,night,capture,40
emily jolly,2022-06-07T00:00:00Z,rv pond,21:22:00,23:22:00,23:00:00,NA,water,16.3,Rana clamitans,NA,NA,BdSwab000073,NA,NA,BacSwab00073,MucBath00021,AMPBath00026,NA,NA,NA,AntiBod00026,NA,NA,NA,NA,NA,night,capture,41
emily jolly,2022-06-07T00:00:00Z,rv pond,21:22:00,23:22:00,23:03:00,NA,water,16.4,Rana clamitans,NA,NA,BdSwab000074,NA,NA,BacSwab00074,MucBath00022,AMPBath00027,NA,NA,NA,AntiBod00027,NA,NA,NA,NA,NA,night,capture,42
myah madril,2022-06-07T00:00:00Z,rv pond,21:22:00,02:12:00,23:05:00,11.7,tree/log/bush (higher than 1m),11.2,Hyla versicolor,NA,NA,BdSwab000071,NA,NA,BacSwab00071,MucBath00019,AMPBath00023,NA,NA,NA,AntiBod00023,NA,NA,NA,NA,NA,night,capture,43
sydney dawson,2022-06-08T00:00:00Z,rv pond,21:11:00,22:02:00,21:16:00,16.3,tree/log/bush (higher than 1m),16.4,Hyla versicolor,adult,male,BdSwab000086,NA,NA,BacSwab00086,NA,NA,NA,NA,NA,NA,NA,NA,NA,NA,NA,night,capture,44
emily jolly,2022-06-08T00:00:00Z,rv pond,21:11:00,22:02:00,21:32:00,19.7,water,19.8,Rana catesbeiana,adult,female,BdSwab000092,NA,NA,BacSwab00092,MucBath00031,AMPBath00031,NA,NA,NA,AntiBod00031,NA,NA,NA,ToeClip00023,NA,night,capture,45
emily jolly,2022-06-08T00:00:00Z,rv pond,21:11:00,22:02:00,21:35:00,19,emergent vegetation (higher than 1m),18.5,Hyla versicolor,adult,male,BdSwab000084,NA,NA,BacSwab00084,NA,NA,NA,NA,NA,NA,NA,NA,NA,NA,NA,night,capture,46
brandon hoenig,2022-06-08T00:00:00Z,rv pond,21:11:00,22:02:00,21:36:00,19.4,emergent vegetation (higher than 1m),17.6,Rana catesbeiana,adult,female,BdSwab00089,NA,NA,BacSwab00089,MucBath00028,AMPBath00028,NA,NA,NA,AntiBod00028,NA,NA,NA,ToeClip00020,NA,night,capture,47
emily jolly,2022-06-08T00:00:00Z,rv pond,21:11:00,22:02:00,21:38:00,18.3,emergent vegetation (higher than 1m),18.2,Hyla versicolor,adult,male,BdSwab000087,NA,NA,BacSwab00087,NA,NA,NA,NA,NA,NA,NA,NA,NA,NA,NA,night,capture,48
sydney dawson,2022-06-08T00:00:00Z,rv pond,21:11:00,22:02:00,21:41:00,21.4,water,21.2,Rana catesbeiana,adult,female,BdSwab000090,NA,NA,BacSwab00090,MucBath00029,AMPBath00029,NA,NA,NA,AntiBod00029,NA,NA,NA,ToeClip00021,NA,night,capture,49
myah madril,2022-06-08T00:00:00Z,rv pond,21:11:00,22:03:00,21:47:00,17.2,tree/log/bush (higher than 1m),17.1,Hyla versicolor,adult,male,BdSwab000083,NA,NA,BacSwab00083,NA,NA,NA,NA,NA,NA,NA,NA,NA,NA,NA,night,capture,50
emily jolly,2022-06-08T00:00:00Z,rv pond,21:11:00,22:02:00,21:47:00,19.1,water,19.2,Rana clamitans,adult,female,BdSwab000088,NA,NA,BacSwab00088,NA,NA,NA,NA,NA,NA,NA,NA,NA,NA,NA,night,capture,51
brandon hoenig,2022-06-08T00:00:00Z,rv pond,21:11:00,22:02:00,21:49:00,19.4,emergent vegetation (lower than 1m),20,Rana catesbeiana,adult,female,BdSwab000091,NA,NA,BacSwab00091,MucBath00030,AMPBath00030,NA,NA,NA,AntiBod00030,NA,NA,NA,ToeClip00022,NA,night,capture,52
sydney dawson,2022-06-08T00:00:00Z,rv pond,21:11:00,22:02:00,21:52:00,16.1,tree/log/bush (higher than 1m),17.2,Hyla versicolor,adult,male,BdSwab000085,NA,NA,BacSwab00085,NA,NA,NA,NA,NA,NA,NA,NA,NA,NA,NA,night,capture,53
emily jolly,2022-06-08T00:00:00Z,rv pond,21:11:00,22:02:00,21:55:00,18.5,water,NA,Rana catesbeiana,adult,female,NA,NA,NA,NA,NA,NA,NA,NA,NA,NA,NA,NA,NA,NA,NA,night,capture,54
brandon hoenig,2022-06-14T00:00:00Z,tuttle pond,21:35:00,22:47:00,21:41:00,21.4,wet ground,21.2,Rana clamitans,adult,male,BdSwab00116,NA,NA,BacSwab00116,NA,NA,NA,NA,NA,NA,NA,NA,NA,NA,NA,night,capture,55
emily jolly,2022-06-14T00:00:00Z,tuttle pond,21:44:00,22:47:00,21:50:00,23.4,emergent vegetation (lower than 1m),23.5,Rana clamitans,adult,female,BdSwab00117,NA,NA,BacSwab00117,NA,NA,NA,NA,NA,NA,NA,NA,NA,NA,NA,night,capture,56
sydney dawson,2022-06-14T00:00:00Z,tuttle pond,21:44:00,22:47:00,21:51:00,NA,water,NA,Rana catesbeiana,juvenile,unknown,BDSwab00100,NA,NA,BacSwab00100,NA,NA,NA,NA,NA,NA,NA,NA,NA,NA,NA,night,capture,57
brandon hoenig,2022-06-14T00:00:00Z,tuttle pond,21:35:00,22:47:00,21:52:00,21.6,tree/log/bush (higher than 1m),21.7,Hyla versicolor,adult,male,BdSwab00108,NA,NA,BacSwab00108,NA,NA,NA,NA,NA,NA,NA,NA,NA,NA,NA,night,capture,58
emily jolly,2022-06-14T00:00:00Z,tuttle pond,21:44:00,22:47:00,21:53:00,23.6,tree/log/bush (lower than 1m),23.6,Hyla versicolor,adult,male,NA,NA,NA,NA,NA,NA,NA,NA,NA,NA,NA,NA,NA,NA,NA,night,capture,59
myah madril,2022-06-14T00:00:00Z,tuttle pond,21:44:00,22:46:00,21:54:00,21.4,tree/log/bush (higher than 1m),22.4,Hyla versicolor,adult,male,BdSwab00112,NA,NA,BacSwab00112,NA,NA,NA,NA,NA,NA,NA,NA,NA,NA,NA,night,capture,60
emily jolly,2022-06-14T00:00:00Z,tuttle pond,21:44:00,22:47:00,21:55:00,23.8,tree/log/bush (lower than 1m),23.6,Hyla versicolor,adult,male,BdSwab00110,NA,NA,BacSwab00110,NA,NA,NA,NA,NA,NA,NA,NA,NA,NA,NA,night,capture,61
brandon hoenig,2022-06-14T00:00:00Z,tuttle pond,21:35:00,22:47:00,21:58:00,23.5,water,23.7,Rana clamitans,adult,male,NA,NA,NA,NA,NA,NA,NA,NA,NA,NA,NA,NA,NA,NA,NA,night,capture,62
emily jolly,2022-06-14T00:00:00Z,tuttle pond,21:44:00,22:47:00,22:00:00,24,water,24.1,Rana clamitans,adult,male,NA,NA,NA,NA,NA,NA,NA,NA,NA,NA,NA,NA,NA,NA,NA,night,capture,63
emily jolly,2022-06-14T00:00:00Z,tuttle pond,21:44:00,22:47:00,22:03:00,23.9,water,24.2,Rana catesbeiana,juvenile,unknown,BDSwab00104,NA,NA,BacSwab00104,MucBath00035,AMPBath00035,NA,NA,NA,AntiBod00035,NA,NA,NA,ToeClip00037,NA,night,capture,64
myah madril,2022-06-14T00:00:00Z,tuttle pond,21:44:00,22:46:00,22:03:00,24.1,water,24,Rana catesbeiana,adult,female,BDSwab00093,NA,NA,BacSwab00093,NA,NA,NA,NA,NA,NA,NA,NA,NA,ToeClip00038,NA,night,capture,65
sydney dawson,2022-06-14T00:00:00Z,tuttle pond,21:44:00,22:47:00,22:04:00,NA,tree/log/bush (lower than 1m),NA,Hyla versicolor,adult,male,BdSwab00111,NA,NA,BacSwab00111,NA,NA,NA,NA,NA,NA,NA,NA,NA,NA,NA,night,capture,66
brandon hoenig,2022-06-14T00:00:00Z,tuttle pond,21:35:00,22:47:00,22:06:00,23.1,water,22.4,Rana catesbeiana,juvenile,unknown,BDSwab00103,NA,NA,BacSwab00103,MucBath00034,AMPBath00034,NA,NA,NA,AntiBod00034,NA,NA,NA,ToeClip00026,NA,night,capture,67
sydney dawson,2022-06-14T00:00:00Z,tuttle pond,21:44:00,22:47:00,22:08:00,NA,tree/log/bush (lower than 1m),NA,Rana catesbeiana,juvenile,unknown,BDSwab00107,NA,NA,BacSwab00107,NA,NA,NA,NA,NA,NA,NA,NA,NA,ToeClip00034,NA,night,capture,68
brandon hoenig,2022-06-14T00:00:00Z,tuttle pond,21:35:00,22:47:00,22:10:00,22.4,water,22.9,Rana clamitans,adult,female,NA,NA,NA,NA,NA,NA,NA,NA,NA,NA,NA,NA,NA,NA,NA,night,capture,69
emily jolly,2022-06-14T00:00:00Z,tuttle pond,21:44:00,22:47:00,22:10:00,24.3,water,24.4,Rana catesbeiana,adult,male,BDSwab00098,NA,NA,BacSwab00098,NA,NA,NA,NA,NA,NA,NA,NA,NA,ToeClip00029,NA,night,capture,70
myah madril,2022-06-14T00:00:00Z,tuttle pond,21:44:00,22:46:00,22:12:00,23.6,water,24.2,Rana clamitans,adult,male,BdSwab00113,NA,NA,BacSwab00113,NA,NA,NA,NA,NA,NA,NA,NA,NA,NA,NA,night,capture,71
myah madril,2022-06-14T00:00:00Z,tuttle pond,21:44:00,22:46:00,22:22:00,24.6,tree/log/bush (lower than 1m),24.4,Rana catesbeiana,adult,female,BDSwab00095,NA,NA,BacSwab00095,NA,NA,NA,NA,NA,NA,NA,NA,NA,ToeClip00025,NA,night,capture,72
brandon hoenig,2022-06-14T00:00:00Z,tuttle pond,21:35:00,22:47:00,22:23:00,24.7,water,24.2,Rana clamitans,adult,female,NA,NA,NA,NA,NA,NA,NA,NA,NA,NA,NA,NA,NA,NA,NA,night,capture,73
emily jolly,2022-06-14T00:00:00Z,tuttle pond,21:44:00,22:47:00,22:27:00,23.4,water,23.3,Rana clamitans,adult,male,NA,NA,NA,NA,NA,NA,NA,NA,NA,NA,NA,NA,NA,NA,NA,night,capture,74
brandon hoenig,2022-06-14T00:00:00Z,tuttle pond,21:35:00,22:47:00,22:27:00,21.4,wet ground,21.2,Rana clamitans,adult,female,NA,NA,NA,NA,NA,NA,NA,NA,NA,NA,NA,NA,NA,NA,NA,night,capture,75
myah madril,2022-06-14T00:00:00Z,tuttle pond,21:44:00,22:46:00,22:31:00,24.1,water,24,Rana clamitans,adult,male,NA,NA,NA,NA,NA,NA,NA,NA,NA,NA,NA,NA,NA,NA,NA,night,capture,76
brandon hoenig,2022-06-14T00:00:00Z,tuttle pond,21:35:00,22:47:00,22:31:00,22.4,water,22.1,Rana catesbeiana,juvenile,unknown,BDSwab00097,NA,NA,BacSwab00097,NA,NA,NA,NA,NA,NA,NA,NA,NA,ToeClip00036,NA,night,capture,77
emily jolly,2022-06-14T00:00:00Z,tuttle pond,21:44:00,22:47:00,22:32:00,23.4,water,23.5,Rana clamitans,adult,male,NA,NA,NA,NA,NA,NA,NA,NA,NA,NA,NA,NA,NA,NA,NA,night,capture,78
brandon hoenig,2022-06-14T00:00:00Z,tuttle pond,21:35:00,22:47:00,22:37:00,20.9,wet ground,20.6,Rana clamitans,adult,female,NA,NA,NA,NA,NA,NA,NA,NA,NA,NA,NA,NA,NA,NA,NA,night,capture,79
sydney dawson,2022-06-14T00:00:00Z,tuttle pond,21:44:00,22:47:00,22:41:00,NA,tree/log/bush (higher than 1m),NA,Hyla versicolor,adult,male,BdSwab00109,NA,NA,BacSwab00109,NA,NA,NA,NA,NA,NA,NA,NA,NA,NA,NA,night,capture,80
emily jolly,2022-06-14T00:00:00Z,tuttle pond,21:44:00,22:47:00,22:41:00,23.6,water,23.8,Rana catesbeiana,juvenile,unknown,BDSwab00106,NA,NA,BacSwab00106,NA,NA,NA,NA,NA,NA,NA,NA,NA,ToeClip00032,NA,night,capture,81
brandon hoenig,2022-06-14T00:00:00Z,tuttle pond,21:35:00,22:47:00,22:42:00,21.6,wet ground,21.3,Rana catesbeiana,adult,male,BDSwab00094,NA,NA,BacSwab00094,NA,NA,NA,NA,NA,NA,NA,NA,NA,ToeClip00031,NA,night,capture,82
myah madril,2022-06-14T00:00:00Z,tuttle pond,21:44:00,22:46:00,22:43:00,24.1,tree/log/bush (lower than 1m),24.1,Rana catesbeiana,adult,female,BDSwab00105,NA,NA,BacSwab00105,MucBath00036,AMPBath00036,NA,NA,NA,AntiBod00036,NA,NA,NA,ToeClip00035,NA,night,capture,83
emily jolly,2022-06-14T00:00:00Z,tuttle pond,21:44:00,22:47:00,22:43:00,23.7,water,23.9,Rana catesbeiana,juvenile,unknown,BDSwab00101,NA,NA,BacSwab00101,MucBath00032,AMPBath00032,NA,NA,NA,AntiBod00032,NA,NA,NA,ToeClip00027,NA,night,capture,84
sydney dawson,2022-06-14T00:00:00Z,tuttle pond,21:44:00,22:47:00,22:46:00,NA,wet ground,NA,Rana clamitans,adult,female,BdSwab00115,NA,NA,BacSwab00115,NA,NA,NA,NA,NA,NA,NA,NA,NA,NA,NA,night,capture,85
emily jolly,2022-06-14T00:00:00Z,tuttle pond,23:01:00,23:28:00,23:07:00,23,tree/log/bush (lower than 1m),23,Hyla versicolor,adult,male,NA,NA,NA,NA,NA,NA,NA,NA,NA,NA,NA,NA,NA,NA,NA,night,capture,86
brandon hoenig,2022-06-14T00:00:00Z,tuttle pond,22:59:00,23:29:00,23:08:00,23.7,water,23.2,Rana clamitans,adult,male,NA,NA,NA,NA,NA,NA,NA,NA,NA,NA,NA,NA,NA,NA,NA,night,capture,87
brandon hoenig,2022-06-14T00:00:00Z,tuttle pond,22:59:00,23:29:00,23:11:00,23.7,water,22.8,Rana clamitans,adult,male,NA,NA,NA,NA,NA,NA,NA,NA,NA,NA,NA,NA,NA,NA,NA,night,capture,88
myah madril,2022-06-14T00:00:00Z,tuttle pond,23:01:00,23:28:00,23:11:00,24.5,water,24.8,Rana clamitans,adult,male,NA,NA,NA,NA,NA,NA,NA,NA,NA,NA,NA,NA,NA,NA,NA,night,capture,89
emily jolly,2022-06-14T00:00:00Z,tuttle pond,23:01:00,23:28:00,23:12:00,23.3,tree/log/bush (lower than 1m),23.4,Hyla versicolor,adult,male,NA,NA,NA,NA,NA,NA,NA,NA,NA,NA,NA,NA,NA,NA,NA,night,capture,90
brandon hoenig,2022-06-14T00:00:00Z,tuttle pond,22:59:00,23:29:00,23:16:00,21.5,wet ground,21.7,Rana clamitans,adult,female,BdSwab00114,NA,NA,BacSwab00114,NA,NA,NA,NA,NA,NA,NA,NA,NA,NA,NA,night,capture,91
myah madril,2022-06-14T00:00:00Z,tuttle pond,23:01:00,23:28:00,23:17:00,24.4,water,24.5,Rana clamitans,adult,male,NA,NA,NA,NA,NA,NA,NA,NA,NA,NA,NA,NA,NA,NA,NA,night,capture,92
emily jolly,2022-06-14T00:00:00Z,tuttle pond,23:01:00,23:28:00,23:19:00,23.8,water,NA,Rana catesbeiana,adult,female,BDSwab00096,NA,NA,BacSwab00096,NA,NA,NA,NA,NA,NA,NA,NA,NA,ToeClip00024,NA,night,capture,93
emily jolly,2022-06-14T00:00:00Z,tuttle pond,23:01:00,23:28:00,23:25:00,23.7,tree/log/bush (lower than 1m),23.8,Rana catesbeiana,adult,female,BDSwab00102,NA,NA,BacSwab00102,MucBath00033,AMPBath00033,NA,NA,NA,AntiBod00033,NA,NA,NA,ToeClip00033,NA,night,capture,94
emily jolly,2022-06-15T00:00:00Z,tuttle pond,21:58:00,23:31:00,22:00:00,27.3,tree/log/bush (lower than 1m),27.8,Rana catesbeiana,NA,NA,NA,NA,NA,NA,NA,NA,NA,NA,NA,NA,NA,NA,NA,NA,NA,night,capture,95
emily jolly,2022-06-15T00:00:00Z,tuttle pond,21:58:00,23:31:00,22:11:00,28.4,tree/log/bush (higher than 1m),28.5,Hyla versicolor,adult,male,NA,NA,NA,NA,NA,NA,NA,NA,NA,NA,NA,NA,NA,NA,NA,night,capture,96
sydney dawson,2022-06-15T00:00:00Z,tuttle pond,21:58:00,23:32:00,22:13:00,26.7,tree/log/bush (lower than 1m),NA,Hyla versicolor,adult,male,NA,NA,NA,NA,NA,NA,NA,NA,NA,NA,NA,NA,NA,NA,NA,night,capture,97
emily jolly,2022-06-15T00:00:00Z,tuttle pond,21:58:00,23:31:00,22:13:00,27.7,water,28,Rana catesbeiana,adult,female,BdSwab00123,NA,NA,BacSwab00122,NA,NA,NA,NA,NA,NA,NA,NA,NA,ToeClip00045,NA,night,capture,98
myah madril,2022-06-15T00:00:00Z,tuttle pond,21:58:00,23:32:00,22:14:00,24.3,wet ground,23.4,Hyla versicolor,adult,unknown,NA,NA,NA,NA,NA,NA,NA,NA,NA,NA,NA,NA,NA,NA,NA,night,capture,99
brandon hoenig,2022-06-15T00:00:00Z,tuttle pond,22:02:00,23:32:00,22:14:00,27.1,water,27,Rana catesbeiana,juvenile,unknown,BdSwab00128,NA,NA,BacSwab00127,NA,NA,NA,NA,NA,NA,NA,NA,NA,ToeClip00039,NA,night,capture,100
sydney dawson,2022-06-15T00:00:00Z,tuttle pond,21:58:00,23:32:00,22:16:00,24.5,emergent vegetation (lower than 1m),24.6,Rana catesbeiana,NA,NA,NA,NA,NA,NA,NA,NA,NA,NA,NA,NA,NA,NA,NA,NA,NA,night,capture,101
emily jolly,2022-06-15T00:00:00Z,tuttle pond,21:58:00,23:31:00,22:19:00,28.1,tree/log/bush (lower than 1m),28.5,Hyla versicolor,adult,male,NA,NA,NA,NA,NA,NA,NA,NA,NA,NA,NA,NA,NA,NA,NA,night,capture,102
myah madril,2022-06-15T00:00:00Z,tuttle pond,21:58:00,23:32:00,22:20:00,25,wet ground,24.2,Rana catesbeiana,NA,NA,NA,NA,NA,NA,NA,NA,NA,NA,NA,NA,NA,NA,NA,NA,NA,night,capture,103
emily jolly,2022-06-15T00:00:00Z,tuttle pond,21:58:00,23:31:00,22:23:00,28.8,water,28.7,Rana catesbeiana,adult,female,BdSwab00124,NA,NA,BacSwab00123,NA,NA,NA,NA,NA,NA,NA,NA,NA,ToeClip00044,NA,night,capture,104
brandon hoenig,2022-06-15T00:00:00Z,tuttle pond,22:02:00,23:32:00,22:23:00,25.9,water,25.6,Rana catesbeiana,NA,NA,NA,NA,NA,NA,NA,NA,NA,NA,NA,NA,NA,NA,NA,NA,NA,night,capture,105
sydney dawson,2022-06-15T00:00:00Z,tuttle pond,21:58:00,23:32:00,22:27:00,24.4,water,24.4,Rana catesbeiana,NA,NA,NA,NA,NA,NA,NA,NA,NA,NA,NA,NA,NA,NA,NA,NA,NA,night,capture,106
myah madril,2022-06-15T00:00:00Z,tuttle pond,21:58:00,23:32:00,22:28:00,25.1,water,24.4,Rana catesbeiana,NA,NA,NA,NA,NA,NA,NA,NA,NA,NA,NA,NA,NA,NA,NA,NA,NA,night,capture,107
brandon hoenig,2022-06-15T00:00:00Z,tuttle pond,22:02:00,23:32:00,22:32:00,NA,tree/log/bush (higher than 1m),NA,Hyla versicolor,adult,unknown,NA,NA,NA,NA,NA,NA,NA,NA,NA,NA,NA,NA,NA,NA,NA,night,capture,108
sydney dawson,2022-06-15T00:00:00Z,tuttle pond,21:58:00,23:32:00,22:35:00,24.6,water,24.4,Rana catesbeiana,adult,female,BdSwab00126,NA,NA,BacSwab00125,NA,NA,NA,NA,NA,NA,NA,NA,NA,ToeClip00043,NA,night,capture,109
emily jolly,2022-06-15T00:00:00Z,tuttle pond,21:58:00,23:31:00,22:37:00,27.2,tree/log/bush (lower than 1m),27.3,Rana clamitans,juvenile,unknown,NA,NA,NA,NA,NA,NA,NA,NA,NA,NA,NA,NA,NA,NA,NA,night,capture,110
brandon hoenig,2022-06-15T00:00:00Z,tuttle pond,22:02:00,23:32:00,22:46:00,25.4,emergent vegetation (lower than 1m),25.4,Rana clamitans,juvenile,unknown,NA,NA,NA,NA,NA,NA,NA,NA,NA,NA,NA,NA,NA,NA,NA,night,capture,111
emily jolly,2022-06-15T00:00:00Z,tuttle pond,21:58:00,23:31:00,22:47:00,27.1,water,27.2,Rana catesbeiana,NA,NA,NA,NA,NA,NA,NA,NA,NA,NA,NA,NA,NA,NA,NA,NA,NA,night,capture,112
emily jolly,2022-06-15T00:00:00Z,tuttle pond,21:58:00,23:31:00,22:50:00,27.2,water,27.2,Rana catesbeiana,NA,NA,NA,NA,NA,NA,NA,NA,NA,NA,NA,NA,NA,NA,NA,NA,NA,night,capture,113
myah madril,2022-06-15T00:00:00Z,tuttle pond,21:58:00,23:32:00,22:53:00,26.2,water,26.2,Rana catesbeiana,adult,female,BdSwab00120,NA,NA,BacSwab00119,NA,NA,NA,NA,NA,NA,NA,NA,NA,ToeClip00049,NA,night,capture,114
sydney dawson,2022-06-15T00:00:00Z,tuttle pond,21:58:00,23:32:00,22:54:00,25.3,emergent vegetation (higher than 1m),25.3,Hyla versicolor,adult,male,NA,NA,NA,NA,NA,NA,NA,NA,NA,NA,NA,NA,NA,NA,NA,night,capture,115
emily jolly,2022-06-15T00:00:00Z,tuttle pond,21:58:00,23:31:00,22:55:00,26.7,wet ground,26.8,Rana catesbeiana,NA,NA,NA,NA,NA,NA,NA,NA,NA,NA,NA,NA,NA,NA,NA,NA,NA,night,capture,116
brandon hoenig,2022-06-15T00:00:00Z,tuttle pond,22:02:00,23:32:00,22:59:00,26.4,emergent vegetation (lower than 1m),26.4,Rana catesbeiana,adult,female,BdSwab00125,NA,NA,BacSwab00124,NA,NA,NA,NA,NA,NA,NA,NA,NA,ToeClip00042,NA,night,capture,117
myah madril,2022-06-15T00:00:00Z,tuttle pond,21:58:00,23:32:00,23:01:00,25,tree/log/bush (lower than 1m),24.9,Rana catesbeiana,juvenile,unknown,BdSwab00121,NA,NA,BacSwab00120,NA,NA,NA,NA,NA,NA,NA,NA,NA,ToeClip00048,NA,night,capture,118
emily jolly,2022-06-15T00:00:00Z,tuttle pond,21:58:00,23:31:00,23:01:00,27,tree/log/bush (lower than 1m),27,Rana catesbeiana,adult,female,BdSwab00129,NA,NA,BacSwab00128,NA,NA,NA,NA,NA,NA,NA,NA,NA,ToeClip00040,NA,night,capture,119
emily jolly,2022-06-15T00:00:00Z,tuttle pond,21:58:00,23:31:00,23:04:00,27.2,water,27.2,Rana catesbeiana,adult,female,BdSwab00119,NA,NA,BacSwab00118,NA,NA,NA,NA,NA,NA,NA,NA,NA,ToeClip00047,NA,night,capture,120
emily jolly,2022-06-15T00:00:00Z,tuttle pond,21:58:00,23:31:00,23:08:00,27.1,water,27.2,Rana clamitans,juvenile,unknown,NA,NA,NA,NA,NA,NA,NA,NA,NA,NA,NA,NA,NA,NA,NA,night,capture,121
myah madril,2022-06-15T00:00:00Z,tuttle pond,21:58:00,23:32:00,23:17:00,26.7,tree/log/bush (lower than 1m),25.8,Rana catesbeiana,NA,NA,NA,NA,NA,NA,NA,NA,NA,NA,NA,NA,NA,NA,NA,NA,NA,night,capture,122
emily jolly,2022-06-15T00:00:00Z,tuttle pond,21:58:00,23:31:00,23:25:00,27.2,water,NA,Rana catesbeiana,juvenile,unknown,BdSwab00127,NA,NA,BacSwab00126,NA,NA,NA,NA,NA,NA,NA,NA,NA,ToeClip00041,NA,night,capture,123
sydney dawson,2022-06-15T00:00:00Z,tuttle pond,21:58:00,23:32:00,23:30:00,22.8,water,22.7,Rana catesbeiana,juvenile,unknown,BdSwab00122,NA,NA,BacSwab00121,NA,NA,NA,NA,NA,NA,NA,NA,NA,ToeClip00046,NA,night,capture,124
emily jolly,2022-06-22T00:00:00Z,tryon-weber,10:49:00,12:13:00,10:55:00,21,tree/log/bush (lower than 1m),21.2,Desmognathus ochrophaeus,adult,unknown,NA,NA,NA,NA,NA,NA,NA,NA,NA,NA,NA,NA,NA,NA,NA,day,capture,125
NA,2022-06-22T00:00:00Z,tryon-weber,10:55:00,12:12:00,11:07:00,NA,water,23.4,Unknown,juvenile,NA,NA,NA,NA,NA,NA,NA,NA,NA,NA,NA,NA,NA,NA,NA,NA,day,capture,126
myah madril,2022-06-22T00:00:00Z,tryon-weber,10:50:00,12:12:00,11:08:00,18.6,wet ground,18.2,Desmognathus fuscus,adult,unknown,NA,NA,NA,NA,NA,NA,NA,NA,NA,NA,NA,NA,NA,NA,NA,day,capture,127
NA,2022-06-22T00:00:00Z,tryon-weber,10:55:00,12:12:00,11:26:00,NA,wet ground,19.9,Eurycea bislineata,adult,unknown,NA,NA,NA,NA,NA,NA,NA,NA,NA,NA,NA,NA,NA,NA,NA,day,capture,128
emily jolly,2022-06-22T00:00:00Z,tryon-weber,10:49:00,12:13:00,11:27:00,NA,water,19.6,Unknown,juvenile,NA,NA,NA,NA,NA,NA,NA,NA,NA,NA,NA,NA,NA,NA,NA,NA,day,capture,129
NA,2022-06-22T00:00:00Z,tryon-weber,10:55:00,12:12:00,11:30:00,21.6,wet ground,21.2,Eurycea bislineata,adult,unknown,NA,NA,NA,NA,NA,NA,NA,NA,NA,NA,NA,NA,NA,NA,NA,day,capture,130
emily jolly,2022-06-22T00:00:00Z,tryon-weber,10:49:00,12:13:00,11:33:00,NA,water,19.4,Unknown,juvenile,NA,NA,NA,NA,NA,NA,NA,NA,NA,NA,NA,NA,NA,NA,NA,NA,day,capture,131
NA,2022-06-22T00:00:00Z,tryon-weber,10:55:00,12:12:00,11:35:00,NA,water,20.9,Eurycea bislineata,adult,NA,NA,NA,NA,NA,NA,NA,NA,NA,NA,NA,NA,NA,NA,NA,NA,day,capture,132
NA,2022-06-22T00:00:00Z,tryon-weber,10:55:00,12:12:00,11:38:00,NA,wet ground,18.9,Pseudotriton ruber,adult,unknown,NA,NA,NA,NA,NA,NA,NA,NA,NA,NA,NA,NA,NA,NA,NA,day,capture,133
emily jolly,2022-06-22T00:00:00Z,tryon-weber,10:49:00,12:13:00,11:47:00,NA,water,20.4,Unknown,juvenile,NA,NA,NA,NA,NA,NA,NA,NA,NA,NA,NA,NA,NA,NA,NA,NA,day,capture,134
myah madril,2022-06-22T00:00:00Z,tryon-weber,10:50:00,12:12:00,11:55:00,18.8,wet ground,18.9,Eurycea bislineata,adult,NA,NA,NA,NA,NA,NA,NA,NA,NA,NA,NA,NA,NA,NA,NA,NA,day,capture,135
sydney dawson,2022-06-22T00:00:00Z,tryon-weber,10:58:00,12:12:00,11:56:00,20.1,wet ground,20,Desmognathus fuscus,adult,unknown,NA,NA,NA,NA,NA,NA,NA,NA,NA,NA,NA,NA,NA,NA,NA,day,capture,136
emily jolly,2022-06-22T00:00:00Z,tryon-weber,10:49:00,12:13:00,11:56:00,NA,water,20.8,Unknown,juvenile,NA,NA,NA,NA,NA,NA,NA,NA,NA,NA,NA,NA,NA,NA,NA,NA,day,capture,137
myah madril,2022-06-22T00:00:00Z,tryon-weber,10:50:00,12:12:00,12:02:00,19.3,wet ground,19.5,Desmognathus fuscus,adult,unknown,NA,NA,NA,NA,NA,NA,NA,NA,NA,NA,NA,NA,NA,NA,NA,day,capture,138
emily jolly,2022-06-22T00:00:00Z,tryon-weber,10:49:00,12:13:00,12:10:00,NA,tree/log/bush (lower than 1m),21.5,Desmognathus ochrophaeus,adult,unknown,NA,NA,NA,NA,NA,NA,NA,NA,NA,NA,NA,NA,NA,NA,NA,day,capture,139
emily jolly,2022-06-23T00:00:00Z,tryon-weber,11:01:00,12:33:00,10:40:00,NA,wet ground,18.3,Desmognathus fuscus,adult,NA,NA,NA,NA,NA,NA,NA,NA,NA,NA,NA,NA,NA,NA,NA,NA,day,capture,140
emily jolly,2022-06-23T00:00:00Z,tryon-weber,11:01:00,12:33:00,10:40:00,NA,wet ground,18.3,Plethodon glutinosus,NA,unknown,NA,NA,NA,NA,NA,NA,NA,NA,NA,NA,NA,NA,NA,NA,NA,day,capture,141
myah madril,2022-06-23T00:00:00Z,tryon-weber,10:40:00,12:33:00,11:05:00,18.5,wet ground,18.3,Desmognathus ochrophaeus,adult,NA,NA,NA,NA,NA,NA,NA,NA,NA,NA,NA,NA,NA,NA,NA,NA,day,capture,142
emily jolly,2022-06-23T00:00:00Z,tryon-weber,11:01:00,12:33:00,11:06:00,NA,water,18.1,Unknown,juvenile,NA,NA,NA,NA,NA,NA,NA,NA,NA,NA,NA,NA,NA,NA,NA,NA,day,capture,143
sydney dawson,2022-06-23T00:00:00Z,tryon-weber,10:40:00,12:33:00,11:10:00,NA,water,17.1,Unknown,juvenile,NA,NA,NA,NA,NA,NA,NA,NA,NA,NA,NA,NA,NA,NA,NA,NA,day,capture,144
emily jolly,2022-06-23T00:00:00Z,tryon-weber,11:01:00,12:33:00,11:25:00,NA,water,18.2,Unknown,juvenile,NA,NA,NA,NA,NA,NA,NA,NA,NA,NA,NA,NA,NA,NA,NA,NA,day,capture,145
myah madril,2022-06-23T00:00:00Z,tryon-weber,10:40:00,12:33:00,11:28:00,18.1,water,18.1,Unknown,juvenile,NA,NA,NA,NA,NA,NA,NA,NA,NA,NA,NA,NA,NA,NA,NA,NA,day,capture,146
myah madril,2022-06-23T00:00:00Z,tryon-weber,10:40:00,12:33:00,11:32:00,18.1,wet ground,18,Eurycea bislineata,adult,unknown,NA,NA,NA,NA,NA,NA,NA,NA,NA,NA,NA,NA,NA,NA,NA,day,capture,147
emily jolly,2022-06-23T00:00:00Z,tryon-weber,11:01:00,12:33:00,11:37:00,NA,water,18.3,Desmognathus fuscus,adult,NA,NA,NA,NA,NA,NA,NA,NA,NA,NA,NA,NA,NA,NA,NA,NA,day,capture,148
myah madril,2022-06-23T00:00:00Z,tryon-weber,10:40:00,12:33:00,11:40:00,18.2,water,18.2,Unknown,juvenile,NA,NA,NA,NA,NA,NA,NA,NA,NA,NA,NA,NA,NA,NA,NA,NA,day,capture,149
sydney dawson,2022-06-23T00:00:00Z,tryon-weber,10:40:00,12:33:00,11:46:00,NA,wet ground,16.2,Desmognathus fuscus,adult,NA,NA,NA,NA,NA,NA,NA,NA,NA,NA,NA,NA,NA,NA,NA,NA,day,capture,150
myah madril,2022-06-23T00:00:00Z,tryon-weber,10:40:00,12:33:00,11:52:00,19.2,wet ground,18.8,Desmognathus ochrophaeus,adult,NA,NA,NA,NA,NA,NA,NA,NA,NA,NA,NA,NA,NA,NA,NA,NA,day,capture,151
emily jolly,2022-06-23T00:00:00Z,tryon-weber,11:01:00,12:33:00,11:56:00,NA,wet ground,16.7,Desmognathus fuscus,adult,NA,NA,NA,NA,NA,NA,NA,NA,NA,NA,NA,NA,NA,NA,NA,NA,day,capture,152
myah madril,2022-06-23T00:00:00Z,tryon-weber,10:40:00,12:33:00,11:58:00,16.3,water,16.1,Unknown,juvenile,NA,NA,NA,NA,NA,NA,NA,NA,NA,NA,NA,NA,NA,NA,NA,NA,day,capture,153
myah madril,2022-06-23T00:00:00Z,tryon-weber,10:40:00,12:33:00,12:04:00,18.7,wet ground,18.5,Desmognathus ochrophaeus,adult,NA,NA,NA,NA,NA,NA,NA,NA,NA,NA,NA,NA,NA,NA,NA,NA,day,capture,154
sydney dawson,2022-06-23T00:00:00Z,tryon-weber,10:40:00,12:33:00,12:04:00,NA,wet ground,18.5,Unknown,juvenile,NA,NA,NA,NA,NA,NA,NA,NA,NA,NA,NA,NA,NA,NA,NA,NA,day,capture,155
sydney dawson,2022-06-23T00:00:00Z,tryon-weber,10:40:00,12:33:00,12:08:00,NA,wet ground,18.7,Desmognathus ochrophaeus,adult,NA,NA,NA,NA,NA,NA,NA,NA,NA,NA,NA,NA,NA,NA,NA,NA,day,capture,156
emily jolly,2022-06-23T00:00:00Z,tryon-weber,11:01:00,12:33:00,12:13:00,NA,wet ground,19,Plethodon cinereus,adult,NA,NA,NA,NA,NA,NA,NA,NA,NA,NA,NA,NA,NA,NA,NA,NA,day,capture,157
myah madril,2022-06-23T00:00:00Z,tryon-weber,10:40:00,12:33:00,12:17:00,18.2,dry ground,18.3,Desmognathus ochrophaeus,adult,unknown,NA,NA,NA,NA,NA,NA,NA,NA,NA,NA,NA,NA,NA,NA,NA,day,capture,158
sydney dawson,2022-06-23T00:00:00Z,tryon-weber,10:40:00,12:33:00,12:25:00,NA,leaf litter,25.6,Notophthalmus viridescens,adult,unknown,NA,NA,NA,NA,NA,NA,NA,NA,NA,NA,NA,NA,NA,NA,NA,day,capture,159
emily jolly,2022-06-23T00:00:00Z,tryon-weber,11:01:00,12:33:00,12:26:00,NA,leaf litter,20.1,Desmognathus ochrophaeus,adult,unknown,NA,NA,NA,NA,NA,NA,NA,NA,NA,NA,NA,NA,NA,NA,NA,day,capture,160
myah madril,2022-06-23T00:00:00Z,tryon-weber,10:40:00,12:33:00,12:28:00,19.3,tree/log/bush (lower than 1m),19.2,Plethodon glutinosus,NA,NA,NA,NA,NA,NA,NA,NA,NA,NA,NA,NA,NA,NA,NA,NA,NA,day,capture,161
myah madril,2022-06-23T00:00:00Z,tryon-weber,10:40:00,12:33:00,12:28:00,19.3,tree/log/bush (lower than 1m),19.2,Desmognathus fuscus,adult,NA,NA,NA,NA,NA,NA,NA,NA,NA,NA,NA,NA,NA,NA,NA,NA,day,capture,162
myah madril,2022-06-23T00:00:00Z,tryon-weber,10:40:00,12:33:00,12:28:00,19.3,tree/log/bush (lower than 1m),19.2,Plethodon glutinosus,NA,unknown,NA,NA,NA,NA,NA,NA,NA,NA,NA,NA,NA,NA,NA,NA,NA,day,capture,163
myah madril,2022-06-23T00:00:00Z,tryon-weber,10:40:00,12:33:00,12:33:00,19.1,tree/log/bush (lower than 1m),19,Desmognathus ochrophaeus,adult,NA,NA,NA,NA,NA,NA,NA,NA,NA,NA,NA,NA,NA,NA,NA,NA,day,capture,164
brandon hoenig,2022-06-23T00:00:00Z,tryon-weber,21:47:00,22:27:00,21:47:00,NA,wet ground,16.6,Eurycea bislineata,adult,unknown,NA,NA,NA,NA,NA,NA,NA,NA,NA,NA,NA,NA,NA,NA,NA,night,capture,165
emily jolly,2022-06-23T00:00:00Z,tryon-weber,21:48:00,22:27:00,21:56:00,18.9,wet ground,18.8,Rana clamitans,adult,female,NA,NA,NA,NA,NA,NA,NA,NA,NA,NA,NA,NA,NA,NA,NA,night,capture,166
brandon hoenig,2022-06-27T00:00:00Z,vorisek pond,22:34:00,23:58:00,22:38:00,20.8,water,21.9,Rana catesbeiana,adult,female,BdSwab00136,DrySwab00017,CRSwab00006,BacSwab00135,NA,NA,NA,NA,NA,NA,NA,NA,NA,ToeClip00057,NA,night,capture,167
myah madril,2022-06-27T00:00:00Z,vorisek pond,22:34:00,23:58:00,22:38:00,17.9,dry ground,19.2,Rana clamitans,adult,female,NA,DrySwab00028,CRSwab00017,NA,NA,NA,NA,NA,NA,NA,NA,NA,NA,NA,NA,night,capture,168
myah madril,2022-06-27T00:00:00Z,vorisek pond,22:34:00,23:58:00,22:39:00,23.5,water,23.1,Rana catesbeiana,juvenile,unknown,BdSwab00144,DrySwab00025,CRSwab00014,BacSwab00143,NA,NA,NA,NA,NA,NA,NA,NA,NA,ToeClip00062,NA,night,capture,169
brandon hoenig,2022-06-27T00:00:00Z,vorisek pond,22:34:00,23:58:00,22:41:00,21.2,emergent vegetation (lower than 1m),21.6,Rana catesbeiana,juvenile,unknown,BdSwab00137,DrySwab00018,CRSwab00007,BacSwab00136,MucBath00038,AMPBath00048,NA,NA,NA,AntiBod00048,NA,NA,NA,NA,NA,night,capture,170
sydney dawson,2022-06-27T00:00:00Z,vorisek pond,22:34:00,23:58:00,22:45:00,18.3,wet ground,18.9,Rana clamitans,adult,male,NA,DrySwab00033,CRSwab00022,NA,NA,NA,NA,NA,NA,NA,NA,NA,NA,NA,NA,night,capture,171
brandon hoenig,2022-06-27T00:00:00Z,vorisek pond,22:34:00,23:58:00,22:45:00,18.6,wet ground,19.6,Rana clamitans,adult,male,NA,DrySwab00031,CRSwab00020,NA,NA,NA,NA,NA,NA,NA,NA,NA,NA,NA,NA,night,capture,172
myah madril,2022-06-27T00:00:00Z,vorisek pond,22:34:00,23:58:00,22:50:00,22.9,water,22.7,Rana catesbeiana,juvenile,unknown,BdSwab00145,DrySwab00026,CRSwab00015,BacSwab00144,NA,NA,NA,NA,NA,NA,NA,NA,NA,ToeClip00059,NA,night,capture,173
sydney dawson,2022-06-27T00:00:00Z,vorisek pond,22:34:00,23:58:00,22:51:00,17.4,wet ground,16.4,Rana clamitans,adult,female,NA,DrySwab00029,CRSwab00018,NA,NA,NA,NA,NA,NA,NA,NA,NA,NA,NA,NA,night,capture,174
sydney dawson,2022-06-27T00:00:00Z,vorisek pond,22:34:00,23:58:00,22:55:00,20.4,water,22.5,Rana catesbeiana,adult,male,BdSwab00141,DrySwab00022,CRSwab00011,BacSwab00140,MucBath00042,AMPBath00042,NA,NA,NA,AntiBod00042,NA,NA,NA,ToeClip00058,NA,night,capture,175
myah madril,2022-06-27T00:00:00Z,vorisek pond,22:34:00,23:58:00,22:55:00,21.4,wet ground,16.1,Rana clamitans,adult,male,NA,DrySwab00032,CRSwab00021,NA,NA,NA,NA,NA,NA,NA,NA,NA,NA,NA,NA,night,capture,176
brandon hoenig,2022-06-27T00:00:00Z,vorisek pond,22:34:00,23:58:00,22:55:00,16.4,dry ground,14.7,Rana clamitans,adult,male,NA,DrySwab00030,CRSwab00019,NA,NA,NA,NA,NA,NA,NA,NA,NA,NA,NA,NA,night,capture,177
myah madril,2022-06-27T00:00:00Z,vorisek pond,22:34:00,23:58:00,23:03:00,18.7,wet ground,18.9,Rana catesbeiana,adult,female,BdSwab00134,DrySwab00015,CRSwab00004,BacSwab00133,NA,NA,NA,NA,NA,NA,NA,NA,NA,ToeClip00056,NA,night,capture,178
myah madril,2022-06-27T00:00:00Z,vorisek pond,22:34:00,23:58:00,23:06:00,22.1,water,22.4,Rana catesbeiana,juvenile,unknown,BdSwab00131,DrySwab00012,CRSwab00001,BacSwab00130,NA,NA,NA,NA,NA,NA,NA,NA,NA,ToeClip00060,NA,night,capture,179
sydney dawson,2022-06-27T00:00:00Z,vorisek pond,22:34:00,23:58:00,23:11:00,17.1,tree/log/bush (lower than 1m),16.5,Rana catesbeiana,adult,male,BdSwab00138,DrySwab00019,CRSwab00008,BacSwab00137,MucBath00039,AMPBath00039,NA,NA,NA,AntiBod00039,NA,NA,NA,ToeClip00055,NA,night,capture,180
sydney dawson,2022-06-27T00:00:00Z,vorisek pond,22:34:00,23:58:00,23:17:00,NA,water,226,Rana catesbeiana,juvenile,unknown,BdSwab00133,DrySwab00014,CRSwab00003,BacSwab00132,NA,NA,NA,NA,NA,NA,NA,NA,NA,ToeClip00061,NA,night,capture,181
brandon hoenig,2022-06-27T00:00:00Z,vorisek pond,22:34:00,23:58:00,23:19:00,21.3,water,22.3,Rana catesbeiana,juvenile,unknown,BdSwab00142,DrySwab00023,CRSwab00012,BacSwab00141,NA,NA,NA,NA,NA,NA,NA,NA,NA,ToeClip00051,NA,night,capture,182
sydney dawson,2022-06-27T00:00:00Z,vorisek pond,22:34:00,23:58:00,23:21:00,22.5,water,22.4,Rana catesbeiana,adult,female,BdSwab00132,DrySwab00013,CRSwab00002,BacSwab00131,NA,NA,NA,NA,NA,NA,NA,NA,NA,ToeClip00050,NA,night,capture,183
myah madril,2022-06-27T00:00:00Z,vorisek pond,22:34:00,23:58:00,23:25:00,17.9,wet ground,14.1,Rana catesbeiana,adult,female,BdSwab00140,DrySwab00021,CRSwab00010,BacSwab00139,MucBath00041,AMPBath00041,NA,NA,NA,AntiBod00041,NA,NA,NA,ToeClip00054,NA,night,capture,184
brandon hoenig,2022-06-27T00:00:00Z,vorisek pond,22:34:00,23:58:00,23:26:00,22.4,water,21.3,Rana catesbeiana,juvenile,unknown,BdSwab00143,DrySwab00024,CRSwab00013,BacSwab00142,NA,NA,NA,NA,NA,NA,NA,NA,NA,ToeClip00052,NA,night,capture,185
sydney dawson,2022-06-27T00:00:00Z,vorisek pond,22:34:00,23:58:00,23:33:00,16.4,wet ground,17,Rana clamitans,juvenile,unknown,NA,DrySwab00034,CRSwab00023,NA,NA,NA,NA,NA,NA,NA,NA,NA,NA,NA,NA,night,capture,186
brandon hoenig,2022-06-27T00:00:00Z,vorisek pond,22:34:00,23:58:00,23:36:00,20.4,water,22.6,Rana catesbeiana,adult,female,BdSwab00139,DrySwab00020,CRSwab00009,BacSwab00138,MucBath00040,AMPBath00040,NA,NA,NA,AntiBod00040,NA,NA,NA,ToeClip00053,NA,night,capture,187
sydney dawson,2022-06-27T00:00:00Z,vorisek pond,22:34:00,23:58:00,23:42:00,16.9,wet ground,15.6,Rana clamitans,adult,female,NA,DrySwab00027,CRSwab00016,NA,NA,NA,NA,NA,NA,NA,NA,NA,NA,NA,NA,night,capture,188
sydney dawson,2022-06-28T00:00:00Z,vorisek pond,21:41:00,NA,21:45:00,16.3,wet ground,18.8,Rana catesbeiana,NA,NA,NA,NA,NA,NA,NA,NA,NA,NA,NA,NA,NA,NA,NA,NA,NA,night,capture,189
myah madril,2022-06-28T00:00:00Z,vorisek pond,21:39:00,23:09:00,21:47:00,22.1,water,22.7,Rana catesbeiana,NA,NA,NA,NA,NA,NA,NA,NA,NA,NA,NA,NA,NA,NA,NA,NA,NA,night,capture,190
sydney dawson,2022-06-28T00:00:00Z,vorisek pond,21:41:00,NA,21:52:00,15.4,dry ground,18.8,Rana clamitans,adult,male,BdSwab00146,DrySwab00035,CRSwab00024,BacSwab00145,NA,NA,NA,NA,NA,NA,NA,NA,NA,NA,NA,night,capture,191
myah madril,2022-06-28T00:00:00Z,vorisek pond,21:39:00,23:09:00,21:53:00,21.7,water,21.9,Rana catesbeiana,juvenile,unknown,BdSwab00148,DrySwab00037,CRSwab00026,BacSwab00147,NA,NA,NA,NA,NA,NA,NA,NA,NA,ToeClip00065,NA,night,capture,192
brandon hoenig,2022-06-28T00:00:00Z,vorisek pond,21:39:00,23:09:00,21:58:00,23.4,water,23.6,Rana catesbeiana,juvenile,unknown,BdSwab00149,DrySwab00038,CRSwab00027,BacSwab00148,NA,NA,NA,NA,NA,NA,NA,NA,NA,NA,NA,night,capture,193
myah madril,2022-06-28T00:00:00Z,vorisek pond,21:39:00,23:09:00,22:00:00,22.1,water,22.5,Rana catesbeiana,NA,NA,NA,NA,NA,NA,NA,NA,NA,NA,NA,NA,NA,NA,NA,NA,NA,night,capture,194
sydney dawson,2022-06-28T00:00:00Z,vorisek pond,21:41:00,NA,22:08:00,22.4,water,24,Rana catesbeiana,NA,NA,NA,NA,NA,NA,NA,NA,NA,NA,NA,NA,NA,NA,NA,NA,NA,night,capture,195
brandon hoenig,2022-06-28T00:00:00Z,vorisek pond,21:39:00,23:09:00,22:10:00,17.4,dry ground,18.3,Rana catesbeiana,juvenile,unknown,BdSwab00147,DrySwab00036,CRSwab00025,BacSwab00146,NA,NA,NA,NA,NA,NA,NA,NA,NA,ToeClip00064,NA,night,capture,196
myah madril,2022-06-28T00:00:00Z,vorisek pond,21:39:00,23:09:00,22:14:00,21.7,water,22.2,Rana catesbeiana,NA,NA,NA,NA,NA,NA,NA,NA,NA,NA,NA,NA,NA,NA,NA,NA,NA,night,capture,197
myah madril,2022-06-28T00:00:00Z,vorisek pond,21:39:00,23:09:00,22:20:00,22.4,water,22.6,Rana catesbeiana,adult,female,BdSwab00150,DrySwab00039,CRSwab00028,BacSwab00149,NA,NA,NA,NA,NA,NA,NA,NA,NA,ToeClip00063,NA,night,capture,198
myah madril,2022-06-28T00:00:00Z,vorisek pond,21:39:00,23:09:00,22:27:00,21.4,water,22,Rana catesbeiana,NA,NA,NA,NA,NA,NA,NA,NA,NA,NA,NA,NA,NA,NA,NA,NA,NA,night,capture,199
brandon hoenig,2022-06-28T00:00:00Z,vorisek pond,21:39:00,23:09:00,22:27:00,NA,dry ground,NA,Rana catesbeiana,adult,female,NA,NA,NA,NA,NA,NA,NA,NA,NA,NA,NA,NA,NA,NA,NA,night,capture,200
myah madril,2022-06-28T00:00:00Z,vorisek pond,21:39:00,23:09:00,22:45:00,19.2,water,22.1,Rana catesbeiana,NA,NA,NA,NA,NA,NA,NA,NA,NA,NA,NA,NA,NA,NA,NA,NA,NA,night,capture,201
brandon hoenig,2022-06-28T00:00:00Z,vorisek pond,21:39:00,23:09:00,23:05:00,17.4,dry ground,18.4,Rana catesbeiana,NA,NA,NA,NA,NA,NA,NA,NA,NA,NA,NA,NA,NA,NA,NA,NA,NA,night,capture,202
brandon hoenig,2022-07-11T00:00:00Z,rv pond,22:04:00,00:04:00,22:04:00,23.6,water,23.8,Rana clamitans,adult,male,NA,DrySwab00056,CRSwab00045,NA,NA,NA,NA,NA,NA,NA,NA,NA,NA,NA,NA,night,capture,203
myah madril,2022-07-11T00:00:00Z,rv pond,22:12:00,00:04:00,22:15:00,22.5,wet ground,22.8,Rana clamitans,adult,female,NA,DrySwab00060,CRSwab00049,NA,NA,NA,NA,NA,NA,NA,NA,NA,NA,NA,NA,night,capture,204
brandon hoenig,2022-07-11T00:00:00Z,rv pond,22:04:00,00:04:00,22:16:00,25.6,water,26,Rana catesbeiana,adult,female,BdSwab00154,DrySwab00043,CRSwab00032,BacSwab00153,NA,NA,NA,NA,NA,NA,NA,NA,NA,ToeClip00073,NA,night,capture,205
myah madril,2022-07-11T00:00:00Z,rv pond,22:12:00,00:04:00,22:17:00,22.8,wet ground,23.1,Rana clamitans,adult,female,NA,DrySwab00057,CRSwab00046,NA,NA,NA,NA,NA,NA,NA,NA,NA,NA,NA,NA,night,capture,206
sydney dawson,2022-07-11T00:00:00Z,rv pond,22:12:00,00:04:00,22:19:00,22.1,tree/log/bush (lower than 1m),21.9,NA,adult,female,BdSwab00164,DrySwab00053,CRSwab00042,BacSwab00163,NA,NA,NA,NA,NA,NA,NA,NA,NA,ToeClip00079,NA,night,capture,207
NA,2022-07-11T00:00:00Z,rv pond,22:04:00,00:04:00,22:28:00,24,water,23.6,Rana clamitans,adult,female,NA,DrySwab00058,CRSwab00047,NA,NA,NA,NA,NA,NA,NA,NA,NA,NA,NA,NA,night,capture,208
brandon hoenig,2022-07-11T00:00:00Z,rv pond,22:04:00,00:04:00,22:35:00,22.1,water,22.2,Rana catesbeiana,adult,female,BdSwab00155,DrySwab00044,CRSwab00033,BacSwab00154,NA,NA,NA,NA,NA,NA,NA,NA,NA,ToeClip00066,NA,night,capture,209
brandon hoenig,2022-07-11T00:00:00Z,rv pond,22:04:00,00:04:00,22:47:00,25.5,water,25.6,Rana catesbeiana,adult,female,BdSwab00163,DrySwab00052,CRSwab00041,BacSwab00162,MucBath00048,NA,NA,NA,NA,AntiBod00049,NA,NA,NA,ToeClip00078,NA,night,capture,210
myah madril,2022-07-11T00:00:00Z,rv pond,22:12:00,00:04:00,22:52:00,24.1,tree/log/bush (lower than 1m),24,Hyla versicolor,juvenile,unknown,NA,DrySwab00061,CRSwab00050,NA,NA,NA,NA,NA,NA,NA,NA,NA,NA,NA,NA,night,capture,211
myah madril,2022-07-11T00:00:00Z,rv pond,22:12:00,00:04:00,22:55:00,NA,water,25.5,Rana catesbeiana,adult,female,BdSwab00159,DrySwab00048,CRSwab00037,BacSwab00158,MucBath00044,AMPBath00044,NA,NA,NA,AntiBod00044,NA,NA,NA,ToeClip00077,NA,night,capture,212
brandon hoenig,2022-07-11T00:00:00Z,rv pond,22:04:00,00:04:00,22:57:00,22.9,water,23,Rana catesbeiana,adult,female,BdSwab00157,DrySwab00046,CRSwab00035,BacSwab00156,NA,NA,NA,NA,NA,NA,NA,NA,NA,ToeClip00072,NA,night,capture,213
brandon hoenig,2022-07-11T00:00:00Z,rv pond,22:04:00,00:04:00,23:01:00,22.9,water,22.9,Rana catesbeiana,juvenile,unknown,BdSwab00152,DrySwab00041,CRSwab00030,BacSwab00151,NA,NA,NA,NA,NA,NA,NA,NA,NA,ToeClip00071,NA,night,capture,214
brandon hoenig,2022-07-11T00:00:00Z,rv pond,22:04:00,00:04:00,23:08:00,22.9,water,23.3,Rana catesbeiana,adult,female,BdSwab00162,DrySwab00051,CRSwab00040,BacSwab00161,MucBath00047,AMPBath00047,NA,NA,NA,NA,NA,NA,NA,ToeClip00075,NA,night,capture,215
myah madril,2022-07-11T00:00:00Z,rv pond,22:12:00,00:04:00,23:13:00,25.1,wet ground,25.3,Rana catesbeiana,adult,female,BdSwab00153,DrySwab00042,CRSwab00031,BacSwab00152,NA,NA,NA,NA,NA,NA,NA,NA,NA,ToeClip00070,NA,night,capture,216
brandon hoenig,2022-07-11T00:00:00Z,rv pond,22:04:00,00:04:00,23:16:00,25.4,water,25.1,Rana clamitans,juvenile,unknown,NA,DrySwab00055,CRSwab00044,NA,NA,NA,NA,NA,NA,NA,NA,NA,NA,NA,NA,night,capture,217
brandon hoenig,2022-07-11T00:00:00Z,rv pond,22:04:00,00:04:00,23:19:00,23.9,water,23.7,Rana clamitans,adult,male,NA,DrySwab00059,CRSwab00048,NA,NA,NA,NA,NA,NA,NA,NA,NA,NA,NA,NA,night,capture,218
NA,2022-07-11T00:00:00Z,rv pond,22:04:00,00:04:00,23:22:00,28.4,water,23.5,Rana catesbeiana,adult,female,BdSwab00161,DrySwab00050,CRSwab00039,BacSwab00160,MucBath00046,AMPBath00046,NA,NA,NA,AntiBod00047,NA,NA,NA,ToeClip00074,NA,night,capture,219
brandon hoenig,2022-07-11T00:00:00Z,rv pond,22:04:00,00:04:00,23:30:00,23.9,water,24.6,Rana catesbeiana,adult,female,BdSwab00151,DrySwab00040,CRSwab00029,BacSwab00150,NA,NA,NA,NA,NA,NA,NA,NA,NA,ToeClip00069,NA,night,capture,220
sydney dawson,2022-07-11T00:00:00Z,rv pond,22:12:00,00:04:00,23:33:00,24.2,water,24.4,Rana clamitans,adult,male,NA,DrySwab00054,CRSwab00043,NA,NA,NA,NA,NA,NA,NA,NA,NA,NA,NA,NA,night,capture,221
myah madril,2022-07-11T00:00:00Z,rv pond,22:12:00,00:04:00,23:33:00,25,water,25.1,Rana catesbeiana,adult,female,BdSwab00156,DrySwab00045,CRSwab00034,BacSwab00155,NA,NA,NA,NA,NA,NA,NA,NA,NA,ToeClip00068,NA,night,capture,222
myah madril,2022-07-11T00:00:00Z,rv pond,22:12:00,00:04:00,23:37:00,22.8,water,23.1,Rana catesbeiana,adult,female,BdSwab00158,DrySwab00047,CRSwab00036,BacSwab00157,NA,NA,NA,NA,NA,NA,NA,NA,NA,ToeClip00067,NA,night,capture,223
sydney dawson,2022-07-11T00:00:00Z,rv pond,22:12:00,00:04:00,23:40:00,NA,water,NA,Rana catesbeiana,juvenile,unknown,BdSwab00160,DrySwab00049,CRSwab00038,BacSwab00159,MucBath00045,AMPBath00045,NA,NA,NA,AntiBod00046,NA,NA,NA,ToeClip00076,NA,night,capture,224
brandon hoenig,2022-07-12T00:00:00Z,rv pond,22:00:00,00:00:00,22:02:00,19.7,wet ground,20.1,Rana catesbeiana,juvenile,unknown,BdSwab00190,DrySwab00087,CRSwab00076,BacSwab00189,MucBath00000,AMPBath00000,NA,NA,NA,AntiBod00000,NA,AntiBod00000,AntiBod00000,NA,NA,night,capture,225
myah madril,2022-07-12T00:00:00Z,rv pond,22:03:00,00:00:00,22:03:00,21.7,wet ground,20.7,Rana catesbeiana,juvenile,unknown,BdSwab00181,DrySwab00078,CRSwab00067,BacSwab00180,NA,NA,NA,NA,NA,NA,NA,NA,NA,NA,NA,night,capture,226
myah madril,2022-07-12T00:00:00Z,rv pond,22:03:00,00:00:00,22:05:00,20.3,wet ground,21.7,Rana catesbeiana,juvenile,unknown,BdSwab00175,DrySwab00072,CRSwab00061,BacSwab00174,NA,NA,NA,NA,NA,NA,NA,NA,NA,NA,NA,night,capture,227
brandon hoenig,2022-07-12T00:00:00Z,rv pond,22:00:00,00:00:00,22:06:00,21.9,wet ground,22,Rana catesbeiana,juvenile,unknown,BdSwab00180,DrySwab00077,CRSwab00066,BacSwab00179,NA,NA,NA,NA,NA,NA,NA,NA,NA,NA,NA,night,capture,228
myah madril,2022-07-12T00:00:00Z,rv pond,22:03:00,00:00:00,22:08:00,22.3,water,22.1,Rana catesbeiana,juvenile,unknown,BdSwab00179,DrySwab00076,CRSwab00065,BacSwab00178,NA,NA,NA,NA,NA,NA,NA,NA,NA,NA,NA,night,capture,229
brandon hoenig,2022-07-12T00:00:00Z,rv pond,22:00:00,00:00:00,22:09:00,20.9,wet ground,21,Rana catesbeiana,juvenile,unknown,BdSwab00184,DrySwab00081,CRSwab00070,BacSwab00183,NA,NA,NA,NA,NA,NA,NA,NA,NA,NA,NA,night,capture,230
myah madril,2022-07-12T00:00:00Z,rv pond,22:03:00,00:00:00,22:10:00,20,water,21.3,Rana catesbeiana,juvenile,unknown,BdSwab00178,DrySwab00075,CRSwab00064,BacSwab00177,NA,NA,NA,NA,NA,NA,NA,NA,NA,NA,NA,night,capture,231
sydney dawson,2022-07-12T00:00:00Z,rv pond,22:06:00,23:59:00,22:17:00,NA,water,NA,Rana clamitans,NA,NA,BdSwab00000,DrySwab00000,CRSwab00000,BacSwab00000,NA,NA,NA,NA,NA,NA,NA,NA,NA,NA,NA,night,capture,232
myah madril,2022-07-12T00:00:00Z,rv pond,22:03:00,00:00:00,22:24:00,20,wet ground,19.4,Rana catesbeiana,adult,female,BdSwab00189,DrySwab00086,CRSwab00075,BacSwab00188,NA,NA,NA,NA,NA,NA,NA,NA,NA,NA,NA,night,capture,233
myah madril,2022-07-12T00:00:00Z,rv pond,22:03:00,00:00:00,22:28:00,23.2,water,23.1,Rana catesbeiana,adult,female,BdSwab00172,DrySwab00069,CRSwab00058,BacSwab00171,NA,NA,NA,NA,NA,NA,NA,NA,NA,NA,NA,night,capture,234
brandon hoenig,2022-07-12T00:00:00Z,rv pond,22:00:00,00:00:00,22:28:00,24.9,wet ground,24.4,Rana catesbeiana,adult,female,NA,DrySwab00089,CRSwab00078,NA,NA,NA,NA,NA,NA,NA,NA,NA,NA,NA,NA,night,capture,235
myah madril,2022-07-12T00:00:00Z,rv pond,22:03:00,00:00:00,22:34:00,23.4,water,23.4,Rana catesbeiana,adult,female,BdSwab00177,DrySwab00074,CRSwab00063,BacSwab00176,NA,NA,NA,NA,NA,NA,NA,NA,NA,NA,NA,night,capture,236
myah madril,2022-07-12T00:00:00Z,rv pond,22:03:00,00:00:00,22:48:00,22.9,water,23.2,Rana catesbeiana,adult,female,BdSwab00188,DrySwab00085,CRSwab00074,BacSwab00187,NA,NA,NA,NA,NA,NA,NA,NA,NA,NA,NA,night,capture,237
sydney dawson,2022-07-12T00:00:00Z,rv pond,22:06:00,23:59:00,22:50:00,NA,water,21.7,Rana catesbeiana,juvenile,female,BdSwab00170,DrySwab00067,CRSwab00056,BacSwab00169,NA,NA,NA,NA,NA,NA,NA,NA,NA,NA,NA,night,capture,238
brandon hoenig,2022-07-12T00:00:00Z,rv pond,22:00:00,00:00:00,22:51:00,21.3,water,22,Rana catesbeiana,adult,female,BdSwab00176,DrySwab00073,CRSwab00062,BacSwab00175,NA,NA,NA,NA,NA,NA,NA,NA,NA,NA,NA,night,capture,239
sydney dawson,2022-07-12T00:00:00Z,rv pond,22:06:00,23:59:00,22:57:00,20.7,water,21.5,Rana catesbeiana,juvenile,unknown,BdSwab00187,DrySwab00084,CRSwab00073,BacSwab00186,NA,NA,NA,NA,NA,NA,NA,NA,NA,NA,NA,night,capture,240
myah madril,2022-07-12T00:00:00Z,rv pond,22:03:00,00:00:00,22:59:00,22.5,water,21.3,Rana catesbeiana,adult,male,BdSwab00168,DrySwab00065,CRSwab00054,BacSwab00167,NA,NA,NA,NA,NA,NA,NA,NA,NA,NA,NA,night,capture,241
myah madril,2022-07-12T00:00:00Z,rv pond,22:03:00,00:00:00,23:13:00,18.8,wet ground,19,Rana catesbeiana,juvenile,unknown,BdSwab00183,DrySwab00080,CRSwab00069,BacSwab00182,NA,NA,NA,NA,NA,NA,NA,NA,NA,NA,NA,night,capture,242
sydney dawson,2022-07-12T00:00:00Z,rv pond,22:06:00,23:59:00,23:15:00,21.4,water,22.4,Rana catesbeiana,adult,female,BdSwab00167,DrySwab00064,CRSwab00053,BacSwab00166,NA,NA,NA,NA,NA,NA,NA,NA,NA,NA,NA,night,capture,243
myah madril,2022-07-12T00:00:00Z,rv pond,22:03:00,00:00:00,23:19:00,19,wet ground,19.3,Rana catesbeiana,adult,female,NA,DrySwab00091,CRSwab00079,NA,NA,NA,NA,NA,NA,NA,NA,NA,NA,NA,NA,night,capture,244
brandon hoenig,2022-07-12T00:00:00Z,rv pond,22:00:00,00:00:00,23:24:00,23.8,water,23.7,Rana catesbeiana,adult,female,BdSwab00166,DrySwab00063,CRSwab00052,BacSwab00165,NA,NA,NA,NA,NA,NA,NA,NA,NA,NA,NA,night,capture,245
sydney dawson,2022-07-12T00:00:00Z,rv pond,22:06:00,23:59:00,23:25:00,NA,water,22.1,Rana catesbeiana,adult,female,BdSwab00171,DrySwab00068,CRSwab00057,BacSwab00170,NA,NA,NA,NA,NA,NA,NA,NA,NA,NA,NA,night,capture,246
NA,2022-07-12T00:00:00Z,rv pond,22:06:00,NA,23:30:00,23.2,water,23.4,Rana clamitans,NA,NA,NA,NA,NA,NA,NA,NA,NA,NA,NA,NA,NA,NA,NA,NA,NA,night,capture,247
sydney dawson,2022-07-12T00:00:00Z,rv pond,22:06:00,23:59:00,23:33:00,22.7,water,NA,Rana catesbeiana,adult,female,BdSwab00169,DrySwab00066,CRSwab00055,BacSwab00168,NA,NA,NA,NA,NA,NA,NA,NA,NA,NA,NA,night,capture,248
myah madril,2022-07-12T00:00:00Z,rv pond,22:03:00,00:00:00,23:36:00,18.9,water,20.8,Rana catesbeiana,adult,female,BdSwab00174,DrySwab00071,CRSwab00060,BacSwab00173,NA,NA,NA,NA,NA,NA,NA,NA,NA,NA,NA,night,capture,249
myah madril,2022-07-12T00:00:00Z,rv pond,22:03:00,00:00:00,23:42:00,18.2,water,22.4,Rana catesbeiana,adult,female,BdSwab00173,DrySwab00070,CRSwab00059,BacSwab00172,NA,NA,NA,NA,NA,NA,NA,NA,NA,NA,NA,night,capture,250
sydney dawson,2022-07-12T00:00:00Z,rv pond,22:06:00,23:59:00,23:42:00,NA,water,22.6,Rana catesbeiana,juvenile,unknown,BdSwab00185,DrySwab00082,CRSwab00071,BacSwab00184,NA,NA,NA,NA,NA,NA,NA,NA,NA,NA,NA,night,capture,251
NA,2022-07-12T00:00:00Z,rv pond,22:06:00,NA,23:44:00,21.8,water,22.1,Rana clamitans,NA,NA,NA,NA,NA,NA,NA,NA,NA,NA,NA,NA,NA,NA,NA,NA,NA,night,capture,252
brandon hoenig,2022-07-12T00:00:00Z,rv pond,22:00:00,00:00:00,23:52:00,23.4,water,23.4,Rana catesbeiana,adult,female,BdSwab00186,DrySwab00083,CRSwab00072,BacSwab00185,NA,NA,NA,NA,NA,NA,NA,NA,NA,NA,NA,night,capture,253
myah madril,2022-07-12T00:00:00Z,rv pond,22:03:00,00:00:00,23:55:00,21.5,water,21.8,Rana catesbeiana,adult,female,BdSwab00165,DrySwab00062,CRSwab00051,BacSwab00164,NA,NA,NA,NA,NA,NA,NA,NA,NA,NA,NA,night,capture,254
NA,2022-07-12T00:00:00Z,rv pond,22:06:00,NA,23:00:00,NA,NA,NA,Rana catesbeiana,juvenile,unknown,BdSwab00191,DrySwab00088,CRSwab00077,BacSwab00190,NA,NA,NA,NA,NA,NA,NA,NA,NA,NA,NA,night,capture,255
NA,2022-07-12T00:00:00Z,rv pond,22:06:00,NA,23:00:00,NA,NA,NA,Rana catesbeiana,juvenile,unknown,BdSwab00182,DrySwab00079,CRSwab00068,BacSwab00181,NA,NA,NA,NA,NA,NA,NA,NA,NA,NA,NA,night,capture,256
brandon hoenig,2022-07-18T00:00:00Z,tuttle pond,21:58:00,23:30:00,22:01:00,22.1,wet ground,22.1,Rana catesbeiana,adult,female,BdSwab00213,DrySwab00112,CRSwab00101,BacSwab00212,NA,NA,NA,NA,NA,NA,NA,NA,NA,ToeClip00095,NA,night,capture,257
myah madril,2022-07-18T00:00:00Z,tuttle pond,21:58:00,23:41:00,22:03:00,21.3,tree/log/bush (lower than 1m),22,Rana pipiens,juvenile,unknown,BdSwab00195,DrySwab00094,CRSwab00083,BacSwab00194,NA,NA,NA,NA,NA,AntiBod00051,NA,NA,NA,ToeClip00115,NA,night,capture,258
myah madril,2022-07-18T00:00:00Z,tuttle pond,21:58:00,23:41:00,22:03:00,21.3,tree/log/bush (lower than 1m),22,Rana catesbeiana,adult,female,BdSwab00200,DrySwab00099,CRSwab00088,BacSwab00199,NA,NA,NA,NA,NA,NA,NA,NA,NA,ToeClip00082,NA,night,capture,259
brandon hoenig,2022-07-18T00:00:00Z,tuttle pond,21:58:00,23:30:00,22:04:00,21.9,wet ground,21.7,Rana catesbeiana,juvenile,unknown,BdSwab00225,DrySwab00124,CRSwab00113,BacSwab00224,NA,NA,NA,NA,NA,NA,NA,NA,NA,ToeClip00107,NA,night,capture,260
sydney dawson,2022-07-18T00:00:00Z,tuttle pond,21:58:00,NA,22:07:00,21.6,wet ground,22,Rana catesbeiana,adult,female,BdSwab00204,DrySwab00102,CRSwab00091,BacSwab00202,NA,NA,NA,NA,NA,NA,NA,NA,NA,ToeClip00085,NA,night,capture,261
NA,2022-07-18T00:00:00Z,tuttle pond,21:58:00,23:42:00,22:07:00,21.7,wet ground,21.7,Rana clamitans,juvenile,unknown,NA,NA,NA,NA,NA,NA,NA,NA,NA,NA,NA,NA,NA,NA,NA,night,capture,262
myah madril,2022-07-18T00:00:00Z,tuttle pond,21:58:00,23:41:00,22:09:00,21.9,water,21.9,Rana catesbeiana,adult,female,BdSwab00210,DrySwab00109,CRSwab00098,BacSwab00209,NA,NA,NA,NA,NA,NA,NA,NA,NA,ToeClip00092,NA,night,capture,263
sydney dawson,2022-07-18T00:00:00Z,tuttle pond,21:58:00,NA,22:12:00,22.5,tree/log/bush (lower than 1m),22.5,Rana catesbeiana,juvenile,unknown,BdSwab00208,DrySwab00107,CRSwab00096,BacSwab00207,NA,NA,NA,NA,NA,NA,NA,NA,NA,ToeClip00090,NA,night,capture,264
brandon hoenig,2022-07-18T00:00:00Z,tuttle pond,21:58:00,23:30:00,22:12:00,21.8,wet ground,21.3,Rana catesbeiana,adult,female,BdSwab00206,DrySwab00105,CRSwab00094,BacSwab00205,NA,NA,NA,NA,NA,NA,NA,NA,NA,ToeClip00088,NA,night,capture,265
NA,2022-07-18T00:00:00Z,tuttle pond,21:58:00,23:42:00,22:12:00,21.8,wet ground,21.8,Rana clamitans,juvenile,unknown,NA,NA,NA,NA,NA,NA,NA,NA,NA,NA,NA,NA,NA,NA,NA,night,capture,266
myah madril,2022-07-18T00:00:00Z,tuttle pond,21:58:00,23:41:00,22:14:00,22.3,water,22.8,Rana catesbeiana,adult,female,BdSwab00192,DrySwab00090,CRSwab00080,BacSwab00191,NA,NA,NA,NA,NA,NA,NA,NA,NA,ToeClip00080,NA,night,capture,267
brandon hoenig,2022-07-18T00:00:00Z,tuttle pond,21:58:00,23:30:00,22:14:00,21.3,wet ground,21.3,Rana catesbeiana,adult,female,BdSwab00209,DrySwab00108,CRSwab00097,BacSwab00208,NA,NA,NA,NA,NA,NA,NA,NA,NA,ToeClip00091,NA,night,capture,268
myah madril,2022-07-18T00:00:00Z,tuttle pond,21:58:00,23:41:00,22:16:00,22.3,wet ground,22.4,Rana catesbeiana,adult,female,BdSwab00214,DrySwab00113,CRSwab00102,BacSwab00213,NA,NA,NA,NA,NA,NA,NA,NA,NA,ToeClip00096,NA,night,capture,269
sydney dawson,2022-07-18T00:00:00Z,tuttle pond,21:58:00,NA,22:16:00,22.9,water,22.4,Rana catesbeiana,adult,female,BdSwab00211,DrySwab00110,CRSwab00099,BacSwab00210,NA,NA,NA,NA,NA,NA,NA,NA,NA,ToeClip00093,NA,night,capture,270
NA,2022-07-18T00:00:00Z,tuttle pond,21:58:00,23:42:00,22:28:00,21.4,wet ground,22.5,Rana clamitans,adult,female,NA,NA,NA,NA,NA,NA,NA,NA,NA,NA,NA,NA,NA,NA,NA,night,capture,271
brandon hoenig,2022-07-18T00:00:00Z,tuttle pond,21:58:00,23:30:00,22:30:00,21.8,wet ground,21.2,Rana catesbeiana,juvenile,unknown,BdSwab00218,DrySwab00117,CRSwab00106,BacSwab00217,NA,NA,NA,NA,NA,NA,NA,NA,NA,ToeClip00100,NA,night,capture,272
myah madril,2022-07-18T00:00:00Z,tuttle pond,21:58:00,23:41:00,22:31:00,22.4,tree/log/bush (lower than 1m),22.8,Rana catesbeiana,adult,female,BdSwab00231,DrySwab00130,CRSwab00119,BacSwab00230,NA,NA,NA,NA,NA,NA,NA,NA,NA,ToeClip00113,NA,night,capture,273
myah madril,2022-07-18T00:00:00Z,tuttle pond,21:58:00,23:41:00,22:40:00,22.9,tree/log/bush (lower than 1m),22.9,Rana catesbeiana,juvenile,unknown,BdSwab00227,DrySwab00126,CRSwab00115,BacSwab00226,NA,NA,NA,NA,NA,NA,NA,NA,NA,ToeClip00109,NA,night,capture,274
sydney dawson,2022-07-18T00:00:00Z,tuttle pond,21:58:00,NA,22:41:00,NA,water,NA,Rana catesbeiana,adult,female,BdSwab00193,DrySwab00092,CRSwab00081,BacSwab00192,NA,NA,NA,NA,NA,NA,NA,NA,NA,ToeClip00081,NA,night,capture,275
brandon hoenig,2022-07-18T00:00:00Z,tuttle pond,21:58:00,23:30:00,22:44:00,22.4,water,22.8,Rana catesbeiana,juvenile,unknown,BdSwab00215,DrySwab00114,CRSwab00103,BacSwab00214,NA,NA,NA,NA,NA,NA,NA,NA,NA,ToeClip00097,NA,night,capture,276
myah madril,2022-07-18T00:00:00Z,tuttle pond,21:58:00,23:41:00,22:47:00,23.2,water,22.8,Rana catesbeiana,juvenile,unknown,BdSwab00201,DrySwab00100,CRSwab00089,BacSwab00200,NA,NA,NA,NA,NA,NA,NA,NA,NA,ToeClip00083,NA,night,capture,277
brandon hoenig,2022-07-18T00:00:00Z,tuttle pond,21:58:00,23:30:00,22:47:00,22.4,water,22.6,Rana catesbeiana,juvenile,unknown,BdSwab00222,DrySwab00121,CRSwab00110,BacSwab00221,NA,NA,NA,NA,NA,NA,NA,NA,NA,ToeClip00104,NA,night,capture,278
brandon hoenig,2022-07-18T00:00:00Z,tuttle pond,21:58:00,23:30:00,22:49:00,22.4,water,22.6,Rana catesbeiana,adult,female,BdSwab00226,DrySwab00125,CRSwab00114,BacSwab00225,NA,NA,NA,NA,NA,NA,NA,NA,NA,ToeClip00108,NA,night,capture,279
sydney dawson,2022-07-18T00:00:00Z,tuttle pond,21:58:00,NA,22:51:00,NA,water,NA,Rana catesbeiana,adult,female,NA,DrySwab00103,CRSwab00092,BacSwab00203,NA,NA,NA,NA,NA,NA,NA,NA,NA,ToeClip00086,NA,night,capture,280
brandon hoenig,2022-07-18T00:00:00Z,tuttle pond,21:58:00,23:30:00,22:52:00,22.2,water,22.2,Rana catesbeiana,juvenile,unknown,BdSwab00224,DrySwab00123,CRSwab00112,BacSwab00223,NA,NA,NA,NA,NA,NA,NA,NA,NA,ToeClip00106,NA,night,capture,281
brandon hoenig,2022-07-18T00:00:00Z,tuttle pond,21:58:00,23:30:00,22:54:00,21.2,wet ground,21.6,Rana catesbeiana,juvenile,unknown,BdSwab00207,DrySwab00106,CRSwab00095,BacSwab00206,NA,NA,NA,NA,NA,NA,NA,NA,NA,ToeClip00089,NA,night,capture,282
sydney dawson,2022-07-18T00:00:00Z,tuttle pond,21:58:00,NA,22:57:00,22.3,water,22.5,Rana catesbeiana,adult,female,BdSwab00228,DrySwab00127,CRSwab00116,BacSwab00227,NA,NA,NA,NA,NA,NA,NA,NA,NA,ToeClip00110,NA,night,capture,283
sydney dawson,2022-07-18T00:00:00Z,tuttle pond,21:58:00,NA,23:02:00,21.5,wet ground,21.6,Rana catesbeiana,adult,female,BdSwab00229,DrySwab00128,CRSwab00117,BacSwab00228,NA,NA,NA,NA,NA,NA,NA,NA,NA,ToeClip00111,NA,night,capture,284
brandon hoenig,2022-07-18T00:00:00Z,tuttle pond,21:58:00,23:30:00,23:04:00,21.4,wet ground,21.3,Rana catesbeiana,adult,female,BdSwab00198,DrySwab00097,CRSwab00086,BacSwab00197,MucBath00054,AMPBath00054,NA,NA,NA,AntiBod00054,NA,NA,NA,ToeClip00118,NA,night,capture,285
sydney dawson,2022-07-18T00:00:00Z,tuttle pond,21:58:00,NA,23:06:00,NA,wet ground,NA,Rana catesbeiana,adult,female,BdSwab00199,DrySwab00098,CRSwab00087,BacSwab00198,MucBath00055,AMPBath00055,NA,NA,NA,AntiBod00055,NA,NA,NA,ToeClip00117,NA,night,capture,286
brandon hoenig,2022-07-18T00:00:00Z,tuttle pond,21:58:00,23:30:00,23:07:00,20.3,wet ground,20.8,Rana catesbeiana,adult,female,BdSwab00212,DrySwab00111,CRSwab00100,BacSwab00211,NA,NA,NA,NA,NA,NA,NA,NA,NA,ToeClip00094,NA,night,capture,287
sydney dawson,2022-07-18T00:00:00Z,tuttle pond,21:58:00,NA,23:08:00,NA,wet ground,NA,Rana catesbeiana,adult,female,BdSwab00205,DrySwab00104,CRSwab00093,BacSwab00204,NA,NA,NA,NA,NA,NA,NA,NA,NA,ToeClip00087,NA,night,capture,288
sydney dawson,2022-07-18T00:00:00Z,tuttle pond,21:58:00,NA,23:10:00,NA,wet ground,NA,Rana catesbeiana,adult,female,BdSwab00219,DrySwab00118,CRSwab00107,BacSwab00218,NA,NA,NA,NA,NA,NA,NA,NA,NA,ToeClip00101,NA,night,capture,289
brandon hoenig,2022-07-18T00:00:00Z,tuttle pond,21:58:00,23:30:00,23:11:00,20.5,wet ground,20.4,Rana catesbeiana,juvenile,unknown,BdSwab00194,DrySwab00093,CRSwab00082,BacSwab00193,MucBath00050,AMPBath00050,NA,NA,NA,AntiBod00045,NA,NA,NA,ToeClip00114,NA,night,capture,290
sydney dawson,2022-07-18T00:00:00Z,tuttle pond,21:58:00,NA,23:12:00,NA,water,NA,Rana catesbeiana,adult,female,BdSwab00217,DrySwab00116,CRSwab00105,BacSwab00216,NA,NA,NA,NA,NA,NA,NA,NA,NA,ToeClip00099,NA,night,capture,291
brandon hoenig,2022-07-18T00:00:00Z,tuttle pond,21:58:00,23:30:00,23:15:00,20.5,wet ground,20.6,Rana catesbeiana,adult,female,NA,NA,NA,NA,MucBath00052,NA,NA,NA,NA,NA,NA,NA,NA,ToeClip00119,NA,night,capture,292
myah madril,2022-07-18T00:00:00Z,tuttle pond,21:58:00,23:41:00,23:16:00,23.2,water,23.2,Rana catesbeiana,juvenile,unknown,BdSwab00216,DrySwab00115,CRSwab00104,BacSwab00215,NA,NA,NA,NA,NA,NA,NA,NA,NA,ToeClip00098,NA,night,capture,293
brandon hoenig,2022-07-18T00:00:00Z,tuttle pond,21:58:00,23:30:00,23:19:00,22,wet ground,20.8,Rana catesbeiana,juvenile,unknown,BdSwab00223,DrySwab00122,CRSwab00111,BacSwab00222,NA,NA,NA,NA,NA,NA,NA,NA,NA,ToeClip00105,NA,night,capture,294
sydney dawson,2022-07-18T00:00:00Z,tuttle pond,21:58:00,NA,23:21:00,NA,wet ground,NA,Rana catesbeiana,juvenile,unknown,BdSwab00230,DrySwab00129,CRSwab00118,BacSwab00229,NA,NA,NA,NA,NA,NA,NA,NA,NA,ToeClip00112,NA,night,capture,295
brandon hoenig,2022-07-18T00:00:00Z,tuttle pond,21:58:00,23:30:00,23:22:00,20.4,wet ground,20.9,Rana catesbeiana,adult,female,BdSwab00197,DrySwab00096,CRSwab00085,BacSwab00196,MucBath00053,AMPBath00053,NA,NA,NA,AntiBod00053,NA,NA,NA,ToeClip00116,NA,night,capture,296
brandon hoenig,2022-07-18T00:00:00Z,tuttle pond,21:58:00,23:30:00,23:25:00,20.6,wet ground,20.6,Rana catesbeiana,juvenile,unknown,BdSwab00202,DrySwab00101,CRSwab00090,BacSwab00201,NA,NA,NA,NA,NA,NA,NA,NA,NA,ToeClip00084,NA,night,capture,297
myah madril,2022-07-18T00:00:00Z,tuttle pond,21:58:00,23:41:00,23:34:00,21.3,wet ground,21.8,Rana catesbeiana,adult,female,BdSwab00220,DrySwab00119,CRSwab00108,BacSwab00219,NA,NA,NA,NA,NA,NA,NA,NA,NA,ToeClip00102,NA,night,capture,298
myah madril,2022-07-18T00:00:00Z,tuttle pond,21:58:00,23:41:00,23:37:00,20.5,wet ground,20.8,Rana catesbeiana,juvenile,unknown,BdSwab00221,DrySwab00120,CRSwab00109,BacSwab00220,NA,NA,NA,NA,NA,NA,NA,NA,NA,ToeClip00103,NA,night,capture,299
myah madril,2022-07-19T00:00:00Z,tuttle pond,21:31:00,22:36:00,21:34:00,24.8,wet ground,25.3,Rana catesbeiana,juvenile,unknown,NA,NA,NA,NA,NA,NA,NA,NA,NA,NA,NA,NA,NA,NA,NA,night,capture,300
brandon hoenig,2022-07-19T00:00:00Z,tuttle pond,21:31:00,22:37:00,21:35:00,25.2,water,25.3,Rana clamitans,juvenile,unknown,NA,NA,NA,NA,NA,NA,NA,NA,NA,NA,NA,NA,NA,NA,NA,night,capture,301
myah madril,2022-07-19T00:00:00Z,tuttle pond,21:31:00,22:36:00,21:37:00,25.3,wet ground,24.8,Rana catesbeiana,adult,female,BdSwab00247,DrySwab00147,CRSwab00135,BacSwab00246,NA,NA,NA,NA,NA,NA,NA,NA,NA,NA,NA,night,capture,302
sydney dawson,2022-07-19T00:00:00Z,tuttle pond,21:36:00,22:04:00,21:38:00,24.7,wet ground,24.6,Rana catesbeiana,juvenile,unknown,NA,NA,NA,NA,NA,NA,NA,NA,NA,NA,NA,NA,NA,NA,NA,night,capture,303
brandon hoenig,2022-07-19T00:00:00Z,tuttle pond,21:31:00,22:37:00,21:38:00,25.6,wet ground,26.4,Rana catesbeiana,juvenile,unknown,BdSwab00235,DrySwab00134,CRSwab00123,BacSwab00234,NA,NA,NA,NA,NA,NA,NA,NA,NA,NA,NA,night,capture,304
myah madril,2022-07-19T00:00:00Z,tuttle pond,21:31:00,22:36:00,21:41:00,26,wet ground,26.2,Rana catesbeiana,juvenile,NA,BdSwab00243,DrySwab00143,CRSwab00131,BacSwab00242,NA,NA,NA,NA,NA,NA,NA,NA,NA,NA,NA,night,capture,305
sydney dawson,2022-07-19T00:00:00Z,tuttle pond,21:36:00,22:04:00,21:41:00,25.3,water,25.2,Rana catesbeiana,juvenile,unknown,NA,NA,NA,NA,NA,NA,NA,NA,NA,NA,NA,NA,NA,NA,NA,night,capture,306
brandon hoenig,2022-07-19T00:00:00Z,tuttle pond,21:31:00,22:37:00,21:42:00,25.1,wet ground,25.5,Rana catesbeiana,adult,female,BdSwab00251,DrySwab00151,CRSwab00139,BacSwab00250,NA,NA,NA,NA,NA,NA,NA,NA,NA,NA,NA,night,capture,307
myah madril,2022-07-19T00:00:00Z,tuttle pond,21:31:00,22:36:00,21:44:00,25,wet ground,25.2,Rana catesbeiana,adult,female,BdSwab00248,DrySwab00148,CRSwab00136,BacSwab00247,NA,NA,NA,NA,NA,NA,NA,NA,NA,NA,NA,night,capture,308
sydney dawson,2022-07-19T00:00:00Z,tuttle pond,21:36:00,22:04:00,21:46:00,24.5,wet ground,24.8,Rana catesbeiana,juvenile,unknown,NA,NA,NA,NA,NA,NA,NA,NA,NA,NA,NA,NA,NA,NA,NA,night,capture,309
NA,2022-07-19T00:00:00Z,tuttle pond,21:35:00,22:07:00,21:46:00,24,wet ground,23.9,Rana catesbeiana,NA,NA,NA,NA,NA,NA,NA,NA,NA,NA,NA,NA,NA,NA,NA,NA,NA,night,capture,310
brandon hoenig,2022-07-19T00:00:00Z,tuttle pond,21:31:00,22:37:00,21:47:00,25.3,wet ground,25.3,Rana catesbeiana,adult,female,BdSwab00253,DrySwab00153,CRSwab00141,BacSwab00252,NA,NA,NA,NA,NA,NA,NA,NA,NA,NA,NA,night,capture,311
myah madril,2022-07-19T00:00:00Z,tuttle pond,21:31:00,22:36:00,21:48:00,26.2,water,26.2,Rana catesbeiana,adult,female,BdSwab00244,DrySwab00144,CRSwab00132,BacSwab00243,NA,NA,NA,NA,NA,NA,NA,NA,NA,NA,NA,night,capture,312
sydney dawson,2022-07-19T00:00:00Z,tuttle pond,21:36:00,22:04:00,21:48:00,24.1,wet ground,24.1,Rana catesbeiana,NA,NA,NA,NA,NA,NA,NA,NA,NA,NA,NA,NA,NA,NA,NA,NA,NA,night,capture,313
brandon hoenig,2022-07-19T00:00:00Z,tuttle pond,21:31:00,22:37:00,21:49:00,24.4,wet ground,25,Rana catesbeiana,juvenile,unknown,BdSwab00233,DrySwab00132,CRSwab00121,BacSwab00232,NA,NA,NA,NA,NA,NA,NA,NA,NA,NA,NA,night,capture,314
myah madril,2022-07-19T00:00:00Z,tuttle pond,21:31:00,22:36:00,21:50:00,24.7,wet ground,25.3,Rana clamitans,adult,male,NA,NA,NA,NA,NA,NA,NA,NA,NA,NA,NA,NA,NA,NA,NA,night,capture,315
NA,2022-07-19T00:00:00Z,tuttle pond,21:35:00,22:07:00,21:51:00,24,wet ground,24.1,Rana catesbeiana,NA,NA,NA,NA,NA,NA,NA,NA,NA,NA,NA,NA,NA,NA,NA,NA,NA,night,capture,316
brandon hoenig,2022-07-19T00:00:00Z,tuttle pond,21:31:00,22:37:00,21:52:00,24.6,wet ground,24.9,Rana catesbeiana,adult,female,BdSwab00250,DrySwab00150,CRSwab00138,BacSwab00249,NA,NA,NA,NA,NA,NA,NA,NA,NA,NA,NA,night,capture,317
sydney dawson,2022-07-19T00:00:00Z,tuttle pond,21:36:00,22:04:00,21:52:00,NA,water,NA,Rana pipiens,adult,unknown,BdSwab00254,DrySwab00154,CRSwab00142,BacSwab00253,MucBath00057,NA,NA,NA,NA,NA,NA,NA,NA,ToeClip00121,NA,night,capture,318
myah madril,2022-07-19T00:00:00Z,tuttle pond,21:31:00,22:36:00,21:53:00,24.4,wet ground,25.7,Rana catesbeiana,juvenile,NA,BdSwab00249,DrySwab00149,CRSwab00137,BacSwab00248,NA,NA,NA,NA,NA,NA,NA,NA,NA,NA,NA,night,capture,319
brandon hoenig,2022-07-19T00:00:00Z,tuttle pond,21:31:00,22:37:00,21:54:00,24.6,water,25.1,Rana catesbeiana,adult,female,BdSwab00245,DrySwab00145,CRSwab00133,BacSwab00244,NA,NA,NA,NA,NA,NA,NA,NA,NA,NA,NA,night,capture,320
sydney dawson,2022-07-19T00:00:00Z,tuttle pond,21:36:00,22:04:00,21:57:00,24.3,wet ground,24.4,Rana catesbeiana,NA,NA,NA,NA,NA,NA,NA,NA,NA,NA,NA,NA,NA,NA,NA,NA,NA,night,capture,321
brandon hoenig,2022-07-19T00:00:00Z,tuttle pond,21:31:00,22:37:00,21:57:00,24.6,wet ground,24.9,Rana catesbeiana,juvenile,unknown,BdSwab00234,DrySwab00133,CRSwab00122,BacSwab00233,NA,NA,NA,NA,NA,NA,NA,NA,NA,NA,NA,night,capture,322
myah madril,2022-07-19T00:00:00Z,tuttle pond,21:31:00,22:36:00,21:58:00,25.2,water,25.2,Rana catesbeiana,adult,female,BdSwab00236,DrySwab00135,CRSwab00124,BacSwab00235,NA,NA,NA,NA,NA,NA,NA,NA,NA,NA,NA,night,capture,323
brandon hoenig,2022-07-19T00:00:00Z,tuttle pond,21:31:00,22:37:00,21:59:00,24.4,wet ground,25.1,Rana catesbeiana,juvenile,unknown,BdSwab00239,DrySwab00138,CRSwab00127,BacSwab00238,NA,NA,NA,NA,NA,NA,NA,NA,NA,NA,NA,night,capture,324
sydney dawson,2022-07-19T00:00:00Z,tuttle pond,21:36:00,22:04:00,22:00:00,24.3,wet ground,24.1,Rana catesbeiana,adult,female,BdSwab00242,DrySwab00142,CRSwab00130,BacSwab00241,NA,NA,NA,NA,NA,NA,NA,NA,NA,NA,NA,night,capture,325
NA,2022-07-19T00:00:00Z,tuttle pond,21:35:00,22:07:00,22:01:00,25.1,water,24.9,Rana pipiens,adult,unknown,BdSwab00255,DrySwab00155,CRSwab00143,BacSwab00254,MucBath00056,NA,NA,NA,NA,NA,NA,NA,NA,ToeClip00120,NA,night,capture,326
brandon hoenig,2022-07-19T00:00:00Z,tuttle pond,21:31:00,22:37:00,22:17:00,23.6,water,24,Rana catesbeiana,adult,female,BdSwab00237,DrySwab00136,CRSwab00125,BacSwab00236,NA,NA,NA,NA,NA,NA,NA,NA,NA,NA,NA,night,capture,327
myah madril,2022-07-19T00:00:00Z,tuttle pond,21:31:00,22:36:00,22:21:00,25.4,water,26.2,Rana catesbeiana,NA,NA,NA,NA,NA,NA,NA,NA,NA,NA,NA,NA,NA,NA,NA,NA,NA,night,capture,328
brandon hoenig,2022-07-19T00:00:00Z,tuttle pond,21:31:00,22:37:00,22:22:00,23.6,wet ground,23.4,Rana catesbeiana,adult,female,BdSwab00241,DrySwab00141,CRSwab00129,BacSwab00240,NA,NA,NA,NA,NA,NA,NA,NA,NA,NA,NA,night,capture,329
myah madril,2022-07-19T00:00:00Z,tuttle pond,21:31:00,22:36:00,22:23:00,25.6,water,25.8,Rana catesbeiana,adult,female,BdSwab00246,DrySwab00146,CRSwab00134,BacSwab00245,NA,NA,NA,NA,NA,NA,NA,NA,NA,NA,NA,night,capture,330
myah madril,2022-07-19T00:00:00Z,tuttle pond,21:31:00,22:36:00,22:26:00,24.5,water,24.9,Rana catesbeiana,juvenile,unknown,BdSwab00238,DrySwab00137,CRSwab00126,BacSwab00237,NA,NA,NA,NA,NA,NA,NA,NA,NA,NA,NA,night,capture,331
brandon hoenig,2022-07-19T00:00:00Z,tuttle pond,21:31:00,22:37:00,22:32:00,23.6,wet ground,23.6,Rana catesbeiana,NA,NA,NA,NA,NA,NA,NA,NA,NA,NA,NA,NA,NA,NA,NA,NA,NA,night,capture,332
myah madril,2022-07-19T00:00:00Z,tuttle pond,21:31:00,22:36:00,22:33:00,25.2,wet ground,25.2,Rana catesbeiana,juvenile,unknown,BdSwab00240,DrySwab00139,CRSwab00128,BacSwab00239,NA,NA,NA,NA,NA,NA,NA,NA,NA,NA,NA,night,capture,333
brandon hoenig,2022-07-19T00:00:00Z,tuttle pond,21:31:00,22:37:00,22:36:00,23.9,water,24,Rana catesbeiana,juvenile,unknown,BdSwab00252,DrySwab00152,CRSwab00140,BacSwab00251,NA,NA,NA,NA,NA,NA,NA,NA,NA,NA,NA,night,capture,334
NA,2022-06-07T00:00:00Z,rv pond,NA,NA,NA,NA,NA,NA,Negative Control,NA,NA,NA,NA,NA,NA,MucBath00027,NA,NA,NA,NA,NA,NA,NA,NA,NA,NA,NA,capture,335
NA,2022-06-07T00:00:00Z,rv pond,NA,NA,NA,NA,NA,NA,Rana catesbeiana,NA,NA,NA,NA,NA,NA,NA,NA,NA,NA,NA,NA,NA,NA,NA,ToeClip00016,NA,NA,capture,336
NA,2022-06-07T00:00:00Z,rv pond,NA,NA,NA,NA,NA,NA,Rana catesbeiana,NA,NA,NA,NA,NA,NA,NA,NA,NA,NA,NA,NA,NA,NA,NA,ToeClip00018,NA,NA,capture,337
NA,2022-06-07T00:00:00Z,rv pond,NA,NA,NA,NA,NA,NA,Rana catesbeiana,NA,NA,NA,NA,NA,NA,NA,NA,NA,NA,NA,NA,NA,NA,NA,ToeClip00019,NA,NA,capture,338
NA,2022-06-07T00:00:00Z,rv pond,NA,NA,NA,NA,NA,NA,Rana catesbeiana,NA,NA,NA,NA,NA,NA,NA,NA,NA,NA,NA,NA,NA,NA,NA,ToeClip00017,NA,NA,capture,339
NA,2022-06-14T00:00:00Z,tuttle pond,NA,NA,NA,NA,NA,NA,Rana catesbeiana,adult,female,BDSwab00099,NA,NA,BacSwab00099,NA,NA,NA,NA,NA,NA,NA,NA,NA,ToeClip00030,NA,NA,capture,340
NA,2022-06-14T00:00:00Z,tuttle pond,NA,NA,NA,NA,NA,NA,Rana clamitans,adult,male,NA,NA,NA,NA,NA,NA,NA,NA,NA,NA,NA,NA,NA,NA,NA,NA,capture,341
NA,2022-06-16T00:00:00Z,tuttle pond,NA,NA,NA,NA,NA,NA,Negative Control,NA,NA,BdSwab00130,NA,NA,BacSwab00129,MucBath00037,AMPBath00037,NA,NA,NA,AntiBod00037,NA,NA,NA,NA,NA,NA,capture,342
NA,2022-06-23T00:00:00Z,tryon-weber,NA,NA,NA,NA,NA,NA,Desmognathus fuscus,adult,unknown,NA,NA,NA,NA,NA,NA,NA,NA,NA,NA,NA,NA,NA,NA,NA,NA,capture,343
NA,2022-06-27T00:00:00Z,vorisek pond,NA,NA,NA,NA,NA,NA,Negative Control,NA,NA,BdSwab00135,DrySwab00016,CRSwab00005,BacSwab00134,MucBath00043,AMPBath00043,NA,NA,NA,AntiBod00043,NA,NA,NA,NA,NA,NA,capture,344
NA,2022-07-11T00:00:00Z,rv pond,NA,NA,NA,NA,NA,NA,Negative Control,NA,NA,NA,NA,NA,NA,MucBath00049,AMPBath00049,NA,NA,NA,AntiBod00050,NA,NA,NA,NA,NA,NA,capture,345
NA,2022-07-18T00:00:00Z,tuttle pond,NA,NA,NA,NA,NA,NA,Negative Control,NA,NA,BdSwab00232,DrySwab00131,CRSwab00120,BacSwab00231,NA,NA,NA,NA,NA,NA,NA,NA,NA,NA,NA,NA,capture,346
NA,2022-07-19T00:00:00Z,tuttle pond,NA,NA,NA,NA,NA,NA,Negative Control,NA,NA,NA,NA,NA,NA,MucBath00058,AMPBath00056,AMPBath00056,NA,NA,NA,NA,NA,NA,NA,NA,NA,capture,347
NA,2022-05-04T00:00:00Z,wood lab pond,NA,NA,22:50:00,10.9,leaf litter,10.9,Pseudacris crucifer,adult,male,NA,NA,NA,NA,NA,NA,NA,NA,NA,NA,NA,NA,NA,NA,2022-05-04-wood-pscr1,NA,capture,348
NA,2022-05-04T00:00:00Z,wood lab pond,NA,NA,22:35:00,NA,water,13.5,Rana catesbeiana,juvenile,NA,NA,NA,NA,NA,NA,NA,NA,NA,NA,NA,NA,NA,NA,NA,2022-05-04 wood racl #2,NA,capture,349
NA,2022-05-04T00:00:00Z,wood lab pond,NA,NA,22:14:00,NA,tree/log/bush (lower than 1m),11.8,Pseudacris crucifer,adult,male,NA,NA,NA,NA,NA,NA,NA,NA,NA,NA,NA,NA,NA,NA,2022-05-04 wood pscr #3,NA,capture,350
NA,2022-05-04T00:00:00Z,wood lab pond,NA,NA,10:08:00,NA,water,NA,Rana catesbeiana,juvenile,NA,NA,NA,NA,NA,NA,NA,NA,NA,NA,NA,NA,NA,NA,NA,2022-05-04 wood raca #4,NA,capture,351
NA,2022-05-04T00:00:00Z,wood lab pond,NA,NA,21:35:00,NA,water,12.9,Rana clamitans,juvenile,NA,NA,NA,NA,NA,NA,NA,NA,NA,NA,NA,NA,NA,NA,NA,2022-05-04 wood racl #5,NA,capture,352
NA,2022-05-05T00:00:00Z,phelps pond,NA,NA,22:09:00,NA,emergent vegetation (lower than 1m),NA,Rana catesbeiana,adult,female,NA,NA,NA,NA,NA,NA,NA,NA,NA,NA,NA,NA,NA,NA,2022-05-05 Phelps raca #1,NA,capture,353
NA,2022-05-05T00:00:00Z,phelps pond,NA,NA,08:49:00,16.8,water,16.8,Rana catesbeiana,adult,female,NA,NA,NA,NA,NA,NA,NA,NA,NA,NA,NA,NA,NA,NA,"2022-05-05 Phelps raca #15; probably greater than 100 grams, no scale available",NA,capture,354
NA,2022-05-05T00:00:00Z,phelps pond,NA,NA,21:53:00,NA,water,14,Rana clamitans,adult,female,NA,NA,NA,NA,NA,NA,NA,NA,NA,NA,NA,NA,NA,NA,2022-05-05 Phelps racl #2,NA,capture,355
NA,2022-05-05T00:00:00Z,phelps pond,NA,NA,21:41:00,NA,water,14.4,Rana clamitans,adult,female,NA,NA,NA,NA,NA,NA,NA,NA,NA,NA,NA,NA,NA,NA,2022-05-05 Phelps racl #3,NA,capture,356
NA,2022-05-05T00:00:00Z,phelps pond,NA,NA,21:37:00,NA,water,15.1,Rana clamitans,NA,female,NA,NA,NA,NA,NA,NA,NA,NA,NA,NA,NA,NA,NA,NA,2022-05-05 Phelps racl #4,NA,capture,357
NA,2022-05-05T00:00:00Z,phelps pond,NA,NA,21:18:00,NA,water,NA,Rana catesbeiana,adult,female,NA,NA,NA,NA,NA,NA,NA,NA,NA,NA,NA,NA,NA,NA,2022-05-05 Phelps raca #5,NA,capture,358
NA,2022-05-05T00:00:00Z,phelps pond,NA,NA,22:24:00,NA,water,14.1,Rana clamitans,adult,male,NA,NA,NA,NA,NA,NA,NA,NA,NA,NA,NA,NA,NA,NA,2022-05-05 Phelps racl #6,NA,capture,359
NA,2022-05-05T00:00:00Z,phelps pond,NA,NA,21:49:00,NA,water,14.4,Rana clamitans,adult,female,NA,NA,NA,NA,NA,NA,NA,NA,NA,NA,NA,NA,NA,NA,2022-05-05 Phelps racl #7,NA,capture,360
NA,2022-05-05T00:00:00Z,phelps pond,NA,NA,09:21:00,16,water,15.7,Rana clamitans,NA,female,NA,NA,NA,NA,NA,NA,NA,NA,NA,NA,NA,NA,NA,NA,2022-05-05 Phelps racl #8; red groin,NA,capture,361
NA,2022-05-05T00:00:00Z,phelps pond,NA,NA,09:46:00,NA,emergent vegetation (lower than 1m),14.3,Rana catesbeiana,adult,male,NA,NA,NA,NA,NA,NA,NA,NA,NA,NA,NA,NA,NA,NA,2022-05-05 Phelps raca #9,NA,capture,362
NA,2022-05-05T00:00:00Z,phelps pond,NA,NA,08:52:00,15.5,water,15.5,Rana clamitans,adult,male,NA,NA,NA,NA,NA,NA,NA,NA,NA,NA,NA,NA,NA,NA,2022-05-05 Phelps racl #10,NA,capture,363
NA,2022-05-05T00:00:00Z,phelps pond,NA,NA,09:13:00,12.6,emergent vegetation (lower than 1m),12.6,Pseudacris crucifer,adult,male,NA,NA,NA,NA,NA,NA,NA,NA,NA,NA,NA,NA,NA,NA,2022-05-05 Phelps pscr #11; skin tag on throat,NA,capture,364
NA,2022-05-05T00:00:00Z,phelps pond,NA,NA,09:14:00,12.3,emergent vegetation (lower than 1m),12.6,Pseudacris crucifer,adult,male,NA,NA,NA,NA,NA,NA,NA,NA,NA,NA,NA,NA,NA,NA,2022-05-05 Phelps pscr #12,NA,capture,365
NA,2022-05-05T00:00:00Z,phelps pond,NA,NA,08:43:00,13,emergent vegetation (lower than 1m),13,Pseudacris crucifer,adult,male,NA,NA,NA,NA,NA,NA,NA,NA,NA,NA,NA,NA,NA,NA,2022-05-05 Phelps pscr #13,NA,capture,366
NA,2022-05-05T00:00:00Z,phelps pond,NA,NA,08:48:00,12.5,emergent vegetation (lower than 1m),12.8,Pseudacris crucifer,adult,male,NA,NA,NA,NA,NA,NA,NA,NA,NA,NA,NA,NA,NA,NA,2022-05-05 Phelps pscr #14,NA,capture,367
NA,2022-05-11T00:00:00Z,admin pond,NA,NA,21:11:00,NA,tree/log/bush (lower than 1m),16.8,Pseudacris crucifer,adult,male,2022-05-11-admin-pscr1,NA,NA,NA,NA,NA,NA,NA,NA,NA,NA,NA,NA,NA,2022-05-11 admin pscr #1,NA,capture,368
NA,2022-05-11T00:00:00Z,admin pond,NA,NA,22:45:00,NA,water,17.7,Rana catesbeiana,juvenile,unknown,2022-05-11-admin-raca2,NA,NA,NA,NA,NA,NA,NA,NA,NA,NA,NA,NA,NA,NA,NA,capture,369
NA,2022-05-11T00:00:00Z,admin pond,NA,NA,22:55:00,17.1,water,17.2,Rana catesbeiana,adult,female,2022-05-11-admin-raca3,NA,NA,NA,NA,NA,NA,NA,NA,NA,NA,NA,NA,NA,NA,NA,capture,370
NA,2022-05-11T00:00:00Z,admin pond,NA,NA,21:42:00,15.4,tree/log/bush (lower than 1m),16,Pseudacris crucifer,adult,male,NA,NA,NA,NA,NA,NA,NA,NA,NA,NA,NA,NA,NA,NA,NA,NA,capture,371
NA,2022-05-11T00:00:00Z,admin pond,NA,NA,21:16:00,15.9,tree/log/bush (lower than 1m),16.7,Pseudacris crucifer,adult,male,2022-05-11-admin-pscr-5,NA,NA,NA,NA,NA,NA,NA,NA,NA,NA,NA,NA,NA,NA,NA,capture,372
NA,2022-05-11T00:00:00Z,admin pond,NA,NA,21:19:00,16.9,tree/log/bush (lower than 1m),16.9,Pseudacris crucifer,adult,male,2022-05-11-admin-pscr6,NA,NA,NA,NA,NA,NA,NA,NA,NA,NA,NA,NA,NA,NA,NA,capture,373
NA,2022-05-11T00:00:00Z,admin pond,NA,NA,22:27:00,18.1,water,18.4,Rana catesbeiana,juvenile,unknown,2022-05-11-admin-raca7,NA,NA,NA,NA,NA,NA,NA,NA,NA,NA,NA,NA,NA,NA,NA,capture,374
NA,2022-05-11T00:00:00Z,admin pond,NA,NA,22:00:00,19.3,water,19.1,Rana catesbeiana,juvenile,unknown,2022-05-11-admin-raca8,NA,NA,NA,NA,NA,NA,NA,NA,NA,NA,NA,NA,NA,NA,NA,capture,375
NA,2022-05-11T00:00:00Z,admin pond,NA,NA,21:19:00,20.1,water,19.9,Rana catesbeiana,juvenile,unknown,2022-05-11-admin-raca9,NA,NA,NA,NA,NA,NA,NA,NA,NA,NA,NA,NA,NA,NA,NA,capture,376
NA,2022-05-11T00:00:00Z,admin pond,NA,NA,22:31:00,18.2,water,18.2,Rana catesbeiana,juvenile,unknown,2022-05-11-admin-raca10,NA,NA,NA,NA,NA,NA,NA,NA,NA,NA,NA,NA,NA,NA,NA,capture,377
NA,2022-05-11T00:00:00Z,admin pond,NA,NA,09:29:00,19.1,water,19.7,Rana catesbeiana,juvenile,unknown,2022-05-11-admin-raca11,NA,NA,NA,NA,NA,NA,NA,NA,NA,NA,NA,NA,NA,NA,NA,capture,378
NA,2022-05-11T00:00:00Z,admin pond,NA,NA,10:07:00,19.1,water,19.3,Rana catesbeiana,juvenile,NA,2022-05-11-admin-raca12,NA,NA,NA,NA,NA,NA,NA,NA,NA,NA,NA,NA,NA,NA,NA,capture,379
NA,2022-05-11T00:00:00Z,admin pond,NA,NA,09:24:00,19.1,water,19,Rana catesbeiana,juvenile,unknown,NA,NA,NA,NA,NA,NA,NA,NA,NA,NA,NA,NA,NA,NA,NA,NA,capture,380
NA,2022-05-11T00:00:00Z,admin pond,NA,NA,21:21:00,19.4,water,19.3,Rana clamitans,adult,male,2022-05-11-admin-racl14,NA,NA,NA,NA,NA,NA,NA,NA,NA,NA,NA,NA,NA,NA,NA,capture,381
NA,2022-05-11T00:00:00Z,admin pond,NA,NA,22:39:00,18.3,water,18.2,Rana clamitans,adult,male,2022-05-11-admin-racl15,NA,NA,NA,NA,NA,NA,NA,NA,NA,NA,NA,NA,NA,NA,NA,capture,382
NA,2022-05-11T00:00:00Z,admin pond,NA,NA,09:51:00,19.5,water,19.6,Rana clamitans,adult,female,2022-05-11-admin-racl16,NA,NA,NA,NA,NA,NA,NA,NA,NA,NA,NA,NA,NA,NA,NA,capture,383
NA,2022-05-11T00:00:00Z,admin pond,NA,NA,21:06:00,NA,water,20.8,Rana clamitans,adult,female,2022-05-11-admin-racl17,NA,NA,NA,NA,NA,NA,NA,NA,NA,NA,NA,NA,NA,NA,NA,capture,384
NA,2022-05-11T00:00:00Z,admin pond,NA,NA,21:53:00,19,water,19.4,Rana clamitans,adult,female,2022-05-11-admin-racl18,NA,NA,NA,NA,NA,NA,NA,NA,NA,NA,NA,NA,NA,NA,NA,capture,385
NA,2022-05-11T00:00:00Z,admin pond,NA,NA,21:26:00,NA,leaf litter,19.1,NA,adult,unknown,2022-05-11-admin-toad19,NA,NA,NA,NA,NA,NA,NA,NA,NA,NA,NA,NA,NA,NA,NA,capture,386
NA,2022-05-12T00:00:00Z,rv pond,NA,NA,21:51:00,20.1,water,21.7,Rana catesbeiana,adult,male,2022-05-12-rv-raca1,NA,NA,NA,2022-05-12-rv-raca1,NA,NA,NA,NA,NA,NA,NA,NA,NA,NA,NA,capture,387
NA,2022-05-12T00:00:00Z,rv pond,NA,NA,21:01:00,16.2,water,17.4,Pseudacris crucifer,adult,male,2022-05-12-rv-pscr2,NA,NA,NA,2022-05-12-rv-pscr2,NA,NA,NA,NA,NA,NA,NA,NA,NA,NA,NA,capture,388
NA,2022-05-12T00:00:00Z,rv pond,NA,NA,20:56:00,16.9,leaf litter,16.8,Pseudacris crucifer,adult,male,2022-05-12-rv-pscr3,NA,NA,NA,2022-05-12-rv-pscr3,NA,NA,NA,NA,NA,NA,NA,NA,NA,NA,NA,capture,389
NA,2022-05-12T00:00:00Z,rv pond,NA,NA,21:18:00,15.5,dry ground,15.8,Pseudacris crucifer,adult,male,2022-05-12-rv-pscr4,NA,NA,NA,2022-05-12-rv-pscr4,NA,NA,NA,NA,NA,NA,NA,NA,NA,NA,NA,capture,390
NA,2022-05-12T00:00:00Z,rv pond,NA,NA,21:12:00,16.4,dry ground,16.3,Pseudacris crucifer,adult,male,2022-05-12-rv-pscr5,NA,NA,NA,2022-05-12-rv-pscr5,NA,NA,NA,NA,NA,NA,NA,NA,NA,Mucus sample was done for 20 minutes.,NA,capture,391
NA,2022-05-12T00:00:00Z,rv pond,NA,NA,21:05:00,14.4,dry ground,14.7,Pseudacris crucifer,adult,male,2022-05-12-rv-pscr6,NA,NA,NA,2022-05-12-rv-pscr6,NA,NA,NA,NA,NA,NA,NA,NA,NA,NA,NA,capture,392
NA,2022-05-12T00:00:00Z,rv pond,NA,NA,21:25:00,14.9,tree/log/bush (lower than 1m),15.9,Pseudacris crucifer,adult,male,2022-05-12-rv-pscr7,NA,NA,NA,2022-05-12-rv-pscr7,NA,NA,NA,NA,NA,NA,NA,NA,NA,NA,NA,capture,393
NA,2022-05-12T00:00:00Z,rv pond,NA,NA,21:10:00,15.7,leaf litter,15.6,Pseudacris crucifer,adult,male,2022-05-12-rv-pscr8,NA,NA,NA,2022-05-12-rv-pscr8,NA,NA,NA,NA,NA,NA,NA,NA,NA,NA,NA,capture,394
NA,2022-05-12T00:00:00Z,rv pond,NA,NA,21:17:00,15.6,dry ground,15.6,Pseudacris crucifer,adult,male,2022-05-12-rv-pscr9,NA,NA,NA,2022-05-12-rv-pscr9,NA,NA,NA,NA,NA,NA,NA,NA,NA,NA,NA,capture,395
NA,2022-05-12T00:00:00Z,rv pond,NA,NA,21:22:00,15.3,dry ground,15.4,Pseudacris crucifer,adult,male,2022-05-12-rv-pscr10,NA,NA,NA,2022-05-12-rv-pscr10,NA,NA,NA,NA,NA,NA,NA,NA,NA,NA,NA,capture,396
NA,2022-05-12T00:00:00Z,rv pond,NA,NA,21:24:00,14.8,dry ground,14.8,Pseudacris crucifer,adult,male,2022-05-12-rv-pscr11,NA,NA,NA,2022-05-12-rv-pscr11,NA,NA,NA,NA,NA,NA,NA,NA,NA,NA,NA,capture,397
NA,2022-05-12T00:00:00Z,rv pond,NA,NA,21:28:00,14.7,dry ground,14.7,Pseudacris crucifer,adult,unknown,2022-05-12-rv-pscr12,NA,NA,NA,2022-05-12-rv-pscr12,NA,NA,NA,NA,NA,NA,NA,NA,NA,NA,NA,capture,398
NA,2022-05-12T00:00:00Z,rv pond,NA,NA,20:51:00,18.2,dry ground,18.2,Pseudacris crucifer,adult,male,2022-05-12-rv-pscr13,NA,NA,NA,2022-05-12-rv-pscr13,NA,NA,NA,NA,NA,NA,NA,NA,NA,NA,NA,capture,399
NA,2022-05-12T00:00:00Z,rv pond,NA,NA,21:14:00,15.3,dry ground,15.2,Pseudacris crucifer,adult,male,2022-05-12-rv-pscr14,NA,NA,NA,2022-05-12-rv-pscr14,NA,NA,NA,NA,NA,NA,NA,NA,NA,NA,NA,capture,400
NA,2022-05-12T00:00:00Z,rv pond,NA,NA,21:03:00,17.3,tree/log/bush (lower than 1m),17.3,Pseudacris crucifer,adult,male,2022-05-12-rv-pscr15,NA,NA,NA,2022-05-12-rv-pscr15,NA,NA,NA,NA,NA,NA,NA,NA,NA,NA,NA,capture,401
NA,2022-05-12T00:00:00Z,rv pond,NA,NA,21:08:00,15.7,leaf litter,15.6,Pseudacris crucifer,adult,male,2022-05-12-rv-pscr16,NA,NA,NA,2022-05-12-rv-pscr16,NA,NA,NA,NA,NA,NA,NA,NA,NA,NA,NA,capture,402
NA,2022-05-12T00:00:00Z,rv pond,NA,NA,20:45:00,NA,NA,NA,Pseudacris crucifer,adult,male,2022-05-12-rv-pscr17,NA,NA,NA,2022-05-12-rv-pscr17,NA,NA,NA,NA,NA,NA,NA,NA,NA,NA,NA,capture,403
NA,2022-05-12T00:00:00Z,rv pond,NA,NA,21:33:00,17.8,wet ground,17.8,Hyla versicolor,adult,male,2022-05-12-rv-hyve18,NA,NA,NA,NA,NA,NA,NA,NA,NA,NA,NA,NA,NA,NA,NA,capture,404
NA,2022-05-12T00:00:00Z,rv pond,NA,NA,21:37:00,19.8,water,19.7,Hyla versicolor,adult,male,2022-05-12-rv-hyve19,NA,NA,NA,NA,NA,NA,NA,NA,NA,NA,NA,NA,NA,NA,NA,capture,405
NA,2022-05-12T00:00:00Z,rv pond,NA,NA,21:47:00,21.8,water,22.3,Hyla versicolor,adult,unknown,2022-05-12-rv-hyve20,NA,NA,NA,NA,NA,NA,NA,NA,NA,NA,NA,NA,NA,NA,NA,capture,406
NA,2022-05-12T00:00:00Z,rv pond,NA,NA,20:56:00,18.3,tree/log/bush (higher than 1m),18.3,Hyla versicolor,adult,male,2022-05-12-rv-hyve21,NA,NA,NA,NA,NA,NA,NA,NA,NA,NA,NA,NA,NA,NA,NA,capture,407
NA,2022-05-12T00:00:00Z,rv pond,NA,NA,21:38:00,18.7,tree/log/bush (lower than 1m),18.2,Hyla versicolor,adult,male,2022-05-12-rv-hyve22,NA,NA,NA,NA,NA,NA,NA,NA,NA,NA,NA,NA,NA,NA,NA,capture,408
NA,2022-05-12T00:00:00Z,rv pond,NA,NA,21:54:00,21.7,water,22,Hyla versicolor,adult,male,2022-05-12-rv-hyve23,NA,NA,NA,NA,NA,NA,NA,NA,NA,NA,NA,NA,NA,NA,NA,capture,409
NA,2022-05-12T00:00:00Z,rv pond,NA,NA,21:41:00,18.1,tree/log/bush (lower than 1m),18.4,Hyla versicolor,adult,male,2022-05-12-rv-hyve24,NA,NA,NA,NA,NA,NA,NA,NA,NA,NA,NA,NA,NA,NA,NA,capture,410
NA,2022-05-18T00:00:00Z,admin pond,NA,NA,21:09:00,13.7,water,13.7,Rana catesbeiana,juvenile,unknown,2022-0518-admin-raca1,NA,NA,2022-0518-admin-raca1,2022-0518-admin-raca1,NA,NA,NA,NA,NA,NA,NA,NA,NA,NA,NA,capture,411
NA,2022-05-18T00:00:00Z,admin pond,NA,NA,21:15:00,13.7,wet ground,13.7,Rana catesbeiana,juvenile,unknown,2022-05-18-admin-raca2,NA,NA,2022-05-18-admin-raca2,2022-05-18-admin-raca2,NA,NA,NA,NA,NA,NA,NA,NA,NA,NA,NA,capture,412
NA,2022-05-18T00:00:00Z,admin pond,NA,NA,22:11:00,13.4,leaf litter,13.5,Rana catesbeiana,juvenile,unknown,NA,NA,NA,2022-05-8-admin-raca3,2022-05-8-admin-raca3,NA,NA,NA,NA,NA,NA,NA,NA,NA,NA,NA,capture,413
NA,2022-05-18T00:00:00Z,admin pond,NA,NA,21:03:00,12.9,water,13,Rana catesbeiana,juvenile,unknown,2022-05-18-admin-raca4,NA,NA,2022-05-18-admin-raca4,2022-05-18-admin-raca4,NA,NA,NA,NA,NA,NA,NA,NA,NA,NA,NA,capture,414
NA,2022-05-18T00:00:00Z,admin pond,NA,NA,22:05:00,13.6,water,13.6,Rana catesbeiana,juvenile,unknown,2022-05-18-admin-raca5,NA,NA,2022-05-18-admin-raca5,2022-05-18-admin-raca5,NA,NA,NA,NA,NA,NA,NA,NA,NA,NA,NA,capture,415
NA,2022-05-18T00:00:00Z,admin pond,NA,NA,21:55:00,12.9,water,13,Rana catesbeiana,juvenile,unknown,2022-05-18-admin-raca6,NA,NA,2022-05-18-admin-raca6,2022-05-18-admin-raca6,NA,NA,NA,NA,NA,NA,NA,NA,NA,NA,NA,capture,416
NA,2022-05-18T00:00:00Z,admin pond,NA,NA,21:55:00,13.4,water,13.4,Rana catesbeiana,juvenile,unknown,NA,NA,NA,NA,2022-05-18-admin-raca7,NA,NA,NA,NA,NA,NA,NA,NA,NA,NA,NA,capture,417
NA,2022-05-18T00:00:00Z,admin pond,NA,NA,22:00:00,12.8,water,12.8,Rana catesbeiana,juvenile,unknown,2022-05-18-admin-raca8,NA,NA,2022-05-18-admin-raca8,2022-05-18-admin-raca8,NA,NA,NA,NA,NA,NA,NA,NA,NA,NA,NA,capture,418
NA,2022-05-18T00:00:00Z,admin pond,NA,NA,22:09:00,13.6,water,13.6,Rana catesbeiana,juvenile,unknown,2022-05-18-admin-raca9,NA,NA,2022-05-18-admin-raca9,2022-05-18-admin-raca9,NA,NA,NA,NA,NA,NA,NA,NA,NA,NA,NA,capture,419
NA,2022-05-18T00:00:00Z,admin pond,NA,NA,21:30:00,13.5,wet ground,13.5,Rana catesbeiana,juvenile,unknown,NA,NA,NA,NA,2022-05-18-admin-raca10,NA,NA,NA,NA,NA,NA,NA,NA,NA,NA,NA,capture,420
NA,2022-05-18T00:00:00Z,admin pond,NA,NA,10:21:00,13.4,water,13.3,Rana catesbeiana,juvenile,unknown,2022-05-18-admin-raca11,NA,NA,2022-05-18-admin-raca11,2022-05-18-admin-raca11,NA,NA,NA,NA,NA,NA,NA,NA,NA,NA,NA,capture,421
NA,2022-05-18T00:00:00Z,admin pond,NA,NA,09:27:00,12.7,water,12.7,Rana catesbeiana,juvenile,unknown,2022-05-18-admin-raca12,NA,NA,2022-05-18-admin-raca12,2022-05-18-admin-raca12,NA,NA,NA,NA,NA,NA,NA,NA,NA,NA,NA,capture,422
NA,2022-05-18T00:00:00Z,admin pond,NA,NA,09:45:00,13.4,water,13.4,Rana catesbeiana,juvenile,unknown,2022-05-18-admin-raca13,NA,NA,2022-05-18-admin-raca13,2022-05-18-admin-raca13,NA,NA,NA,NA,NA,NA,NA,NA,NA,NA,NA,capture,423
NA,2022-05-18T00:00:00Z,admin pond,NA,NA,09:12:00,12.8,water,12.8,Rana catesbeiana,juvenile,unknown,2022-05-18-admin-raca14,NA,NA,2022-05-18-admin-raca14,2022-05-18-admin-raca14,NA,NA,NA,NA,NA,NA,NA,NA,NA,NA,NA,capture,424
NA,2022-05-18T00:00:00Z,admin pond,NA,NA,20:57:00,13.3,water,14.1,Rana catesbeiana,juvenile,unknown,2022-05-18-admin-raca15,NA,NA,2022-05-18-admin-raca15,2022-05-18-admin-raca15,NA,NA,NA,NA,NA,NA,NA,NA,NA,NA,NA,capture,425
NA,2022-05-18T00:00:00Z,admin pond,NA,NA,09:44:00,12.8,water,12.8,Rana pipiens,adult,female,2022-05-18admin-rapi16,NA,NA,2022-05-18admin-rapi16,2022-05-18admin-rapi16,NA,NA,NA,NA,NA,NA,NA,NA,NA,NA,NA,capture,426
NA,2022-05-18T00:00:00Z,admin pond,NA,NA,10:19:00,13.9,water,13.9,Rana pipiens,adult,female,2022-05-18-admin-rapi17,NA,NA,2022-05-18-admin-rapi17,2022-05-18-admin-rapi17,NA,NA,NA,NA,NA,NA,NA,NA,NA,NA,NA,capture,427
NA,2022-05-18T00:00:00Z,admin pond,NA,NA,NA,NA,NA,NA,Rana pipiens,adult,female,2022-05-18-admin-rapi18,NA,NA,2022-05-18-admin-rapi18,2022-05-18-admin-rapi18,NA,NA,NA,NA,NA,NA,NA,NA,NA,NA,NA,capture,428
NA,2022-05-18T00:00:00Z,admin pond,NA,NA,NA,NA,emergent vegetation (lower than 1m),NA,Pseudacris crucifer,adult,male,2022-05-18-admin-pscr19,NA,NA,2022-05-18-admin-pscr19,2022-05-18-admin-pscr19,NA,NA,NA,NA,NA,NA,NA,NA,NA,"Too small to inject, volume could not be syringed",NA,capture,429
NA,2022-05-18T00:00:00Z,admin pond,NA,NA,22:08:00,12.8,emergent vegetation (lower than 1m),12.8,Pseudacris crucifer,adult,male,2022-05-18-admin-pscr20,NA,NA,2022-05-18-admin-pscr20,2022-05-18-admin-pscr20,NA,NA,NA,NA,NA,NA,NA,NA,NA,NA,NA,capture,430
NA,2022-05-18T00:00:00Z,admin pond,NA,NA,09:03:00,NA,water,14,Rana clamitans,adult,female,2022-05-18 admin racl #21,NA,NA,2022-05-18 admin racl #21,NA,NA,NA,NA,NA,NA,NA,NA,NA,NA,NA,NA,capture,431
NA,2022-05-18T00:00:00Z,admin pond,NA,NA,09:21:00,NA,water,13.5,Rana clamitans,adult,female,2022-05-18 admin racl #22,NA,NA,2022-05-18 admin racl #22,NA,NA,NA,NA,NA,NA,NA,NA,NA,NA,NA,NA,capture,432
NA,2022-05-18T00:00:00Z,admin pond,NA,NA,21:52:00,NA,water,13.5,Rana clamitans,adult,male,2022-05-18 admin racl #23,NA,NA,2022-05-18 admin racl #23,NA,NA,NA,NA,NA,NA,NA,NA,NA,NA,NA,NA,capture,433
NA,2022-05-18T00:00:00Z,admin pond,NA,NA,21:27:00,NA,wet ground,13.2,Bufo americanus,adult,unknown,2022-05-18 admin Guam #24,NA,NA,2022-05-18 admin Guam #24,NA,NA,NA,NA,NA,NA,NA,NA,NA,NA,NA,NA,capture,434
